"last_name, first_name","player_id","year","player_age","pa","ab","hit","single","double","triple","home_run","strikeout","walk","k_percent","bb_percent","batting_avg","slg_percent","on_base_percent","on_base_plus_slg","isolated_power","babip","p_win","p_loss","p_era","p_hit_into_play","xslg","woba","xwoba","xiso","avg_swing_speed","fast_swing_rate","exit_velocity_avg","sweet_spot_percent","barrel_batted_rate","hard_hit_percent","avg_best_speed","avg_hyper_speed","whiff_percent","swing_percent","groundballs_percent","flyballs_percent","n_ff_formatted","n_sl_formatted","n_ch_formatted","n_cu_formatted","n_si_formatted","n_fc_formatted","n_fs_formatted","n_st_formatted","n_sv_formatted","n_fo_formatted","n_sc_formatted","n_fastball_formatted","n_breaking_formatted"
"Rasmussen, Drew",656876,2025,29,585,541,116,84,14,0,18,127,37,21.7,6.3,".214",".340",".271","0.611","0.126",".247","10","5","2.76","416",".375",".269",".291",".139","72.1",27.1,"90.6",29.6,6.3,43.3,"80.436147524","94.708687282",22.2,48.6,49.5,23.1,"35.2","0.2","1.2","4.3","22.9","31.4",,"4.7",,,,"89.6","9.2"
"Elder, Bryce",693821,2025,26,679,616,167,109,32,2,24,131,51,19.3,7.5,".271",".446",".331","0.777","0.175",".308","8","11","5.30","491",".448",".336",".335",".182","72.6",32.1,"90",34,7.7,43.8,"78.82004177","94.988058103",22.5,46.3,48.9,25.1,"12.3","35.1","10.5",,"42.1",,,,,,,"54.4","35.1"
"Martinez, Nick",607259,2025,34,683,621,158,91,44,1,22,116,42,17,6.1,".254",".435",".304","0.739","0.181",".276","11","14","4.45","519",".410",".317",".312",".153","71.9",24.2,"88.3",37,6.9,34.5,"78.23181311","93.267375748",19.9,47.1,39.3,27.7,"20.7","10.4","19.8","11","17.1","21",,,,,,"58.8","21.4"
"Zeferjahn, Ryan",666171,2025,27,256,216,49,29,8,0,12,73,34,28.5,13.3,".227",".431",".341","0.772","0.204",".280","6","5","4.74","145",".403",".335",".321",".186","71.2",18.9,"88.3",38.6,10.3,37.2,"77.010090845","93.863811135",30.3,45.3,37.2,35.2,"31.5","16.8",,,"0.6","21.9",,"26.8","2.4",,,"53.9","46.1"
"Cameron, Noah",702070,2025,25,556,509,109,72,17,2,18,114,43,20.5,7.7,".214",".361",".279","0.640","0.147",".241","9","7","2.99","396",".411",".281",".313",".166","71.9",24.7,"87.9",32.6,6.3,37.4,"76.19833699","93.899827391",26.6,47.2,42.2,26.8,"26.4","14.1","18.6","19.3",,"21.6",,,,,,"48","33.4"
"Weaver, Luke",596133,2025,31,262,236,46,26,10,0,10,72,20,27.5,7.6,".195",".364",".258","0.622","0.169",".229","4","4","3.62","168",".359",".269",".269",".166","72",24.2,"90",35.7,8.3,39.9,"79.999123333","94.278156886",31,52.6,27.4,39.9,"59.2","1.5","29.8",,,"9.4",,,,,,"68.6","1.5"
"Burke, Sean",680732,2025,25,596,522,131,77,30,1,23,133,63,22.3,10.6,".251",".444",".337","0.781","0.193",".293","4","11","4.22","393",".457",".340",".342",".211","71.6",23.5,"89.6",39.4,10.4,42.7,"78.283710052","94.73809907",25.1,46.9,36.1,32.1,"43.1","21.9","6.5","23.7","4.8",,,,,,,"47.9","45.6"
"Ross, Joe",605452,2025,32,228,202,57,31,17,1,8,39,18,17.1,7.9,".282",".495",".344","0.839","0.213",".308","2","1","5.12","168",".520",".356",".373",".234","71.3",21.3,"89.3",38.1,11.9,43.5,"77.508137349","94.873628303",22.4,50.8,46.4,25,"35.6","22","8.2","5.5","28.7",,,,,,,"64.3","27.5"
"Cantillo, Joey",676282,2025,25,401,357,78,50,18,0,10,108,42,26.9,10.5,".218",".353",".299","0.652","0.135",".282","5","3","3.21","251",".370",".289",".300",".141","71.4",22.2,"89.5",34.3,7.2,41.8,"78.3463956","94.47711972",29.7,43.2,41.4,25.9,"42","8.7","30.5","18.8",,,,,,,,"42","27.5"
"Detmers, Reid",672282,2025,25,266,238,58,43,9,0,6,80,25,30.1,9.4,".244",".357",".320","0.677","0.113",".340","5","3","3.96","159",".363",".295",".296",".132","71",18.3,"90.1",32.7,8.2,42.8,"79.347347848","94.748538662",32.7,49.7,45.3,23.3,"45.4","31.2","0.1","21.1","2.1",,,,,,,"47.6","52.4"
"Zerpa, Angel",672582,2025,25,275,247,67,43,17,0,7,58,22,21.1,8,".271",".425",".333","0.758","0.154",".326","5","2","4.18","193",".400",".330",".311",".154","70.6",14.1,"89.5",30.6,8.3,43,"78.207393191","94.766879415",16.4,43.3,63.7,16.1,"20.5","31.9","3.6",,"43.9",,,,,,,"64.4","31.9"
"Thielbar, Caleb",573204,2025,38,220,204,38,23,9,1,5,56,13,25.5,5.9,".186",".314",".232","0.546","0.128",".226","3","4","2.64","151",".321",".236",".247",".122","71.5",22.3,"87.9",29.8,6.6,31.8,"77.406978933","93.279437133",26.9,49.7,39.7,30.5,"41.8","14.7",,"28.1",,,,"15.4",,,,"41.8","58.2"
"Domínguez, Seranthony",622554,2025,30,261,222,44,31,8,0,5,79,36,30.3,13.8,".198",".302",".314","0.616","0.104",".281","4","4","3.16","144",".297",".280",".282",".099","71.3",22.5,"87.5",34.7,6.9,36.8,"76.211899028","93.430835764",33.3,44.6,43.1,21.5,"43.2",,,"4.9","13.4",,"16.6","21.8",,,,"56.7","26.7"
"Sears, JP",676664,2025,29,583,534,143,76,36,1,30,117,36,20.1,6.2,".268",".507",".319","0.826","0.239",".289","9","11","5.04","424",".446",".352",".319",".205","71.7",24.8,"89.2",33.5,9.4,39.4,"78.488716143","94.093992714",21.6,47.3,30.2,36.6,"40.1","6.8","15","3.6","6.8","0.7",,"27",,,,"47.5","37.5"
"Eflin, Zach",621107,2025,31,309,289,88,51,19,0,18,50,13,16.2,4.2,".304",".557",".336","0.893","0.253",".313","6","5","5.93","244",".469",".378",".327",".203","72.3",27,"89.6",34,9.4,40.6,"78.828693833","94.433231088",20.5,50.1,42.2,29.5,"13.2",,"16.6","16.1","18.2","21.7",,"14.2",,,,"53.1","30.3"
"Spence, Mitch",687765,2025,27,375,342,96,60,20,0,16,66,26,17.6,6.9,".281",".480",".337","0.817","0.199",".305","3","6","5.10","278",".508",".350",".363",".224","72.1",27.9,"90.2",37.8,11.9,42.8,"79.322783986","94.752186945",25.7,50.8,43.9,25.2,,"26.8","1","17.6","9.4","45.2",,,,,,"54.6","44.3"
"Duran, Jhoan",661395,2025,27,287,263,58,47,8,0,3,80,19,27.9,6.6,".221",".285",".279","0.564","0.064",".302","7","6","2.06","185",".297",".248",".248",".087","71.6",22.9,"89.4",22.2,4.3,41.6,"77.695448478","94.76861306",30.8,53.2,65.4,15.1,"35.1",,,"19.1","39.9",,,"5.9",,,,"75","25"
"Bird, Jake",656234,2025,29,248,217,60,40,12,1,7,66,25,26.6,10.1,".276",".438",".355","0.793","0.162",".361","4","2","5.53","154",".374",".340",".305",".139","71.2",18.4,"88.5",34.4,8.4,42.9,"76.501208701","94.353653247",28.1,43.9,46.1,24,"0.6",,,"22.7","33.6","2.5",,"40.5",,,,"36.8","63.2"
"Gallen, Zac",668678,2025,29,813,737,176,104,37,4,31,175,66,21.5,8.1,".239",".426",".303","0.729","0.187",".271","13","15","4.83","568",".434",".315",".320",".192","72",27.8,"90.1",34.3,9.7,43,"79.464557057","94.701400977",23.7,44.9,44.4,30.3,"45","7.2","16","23.5","2.5","5.8",,,,,,"53.3","30.7"
"Berríos, José",621244,2025,31,698,632,160,102,30,2,26,138,56,19.8,8,".253",".430",".320","0.750","0.177",".285","9","5","4.17","497",".455",".325",".337",".199","72.5",27.7,"90.3",32.6,11.3,42.5,"79.761456829","94.705282256",22,46.1,42.3,27.4,"17.9",,"16.8",,"33.6","5.8",,,"25.9",,,"57.3","25.9"
"Yarbrough, Ryan",642232,2025,33,264,242,58,37,7,1,13,55,19,20.8,7.2,".240",".438",".299","0.737","0.198",".257","3","1","4.36","188",".422",".318",".320",".166","71.6",22,"86.1",39.9,6.9,34,"73.70416266","93.280751497",26.6,45.5,39.4,31.4,"13.9",,"20.6",,"20.4","25.9",,"19.4",,,,"60.1","19.4"
"Buehler, Walker",621111,2025,30,564,490,130,91,16,1,22,92,60,16.3,10.6,".265",".437",".357","0.794","0.172",".286","10","7","4.93","400",".450",".348",".355",".182","72.2",28,"87.9",35.8,9.5,37.8,"75.994121608","94.03109665",19.2,44.6,42.5,24,"25.3","14.8","6.9","12.9","16.4","16.9",,"6.9",,,,"58.6","34.5"
"Suarez, Ranger",624133,2025,29,651,602,154,113,25,2,14,151,38,23.2,5.8,".256",".374",".305","0.679","0.118",".318","12","8","3.20","456",".351",".298",".278",".125","71.9",25.2,"86.5",29.2,5.5,31.1,"74.916710313","93.042499196",22.2,47.9,48,24.8,"14.5","4.1","19.1","16.1","28.6","17.6",,,,,,"60.7","20.2"
"Estrada, Jeremiah",669093,2025,26,304,269,58,36,9,1,12,108,27,35.5,8.9,".216",".390",".291","0.681","0.174",".303","4","5","3.45","166",".325",".295",".260",".143","70.7",19.7,"90.1",33.1,9,39.2,"80.16923","94.230622317",34.9,51.9,35.5,30.1,"56.8","20",,,,,"23.2",,,,,"56.8","20"
"Pagán, Emilio",641941,2025,34,270,244,41,20,11,0,10,81,22,30,8.1,".168",".336",".241","0.577","0.168",".200","2","4","2.88","165",".346",".254",".266",".165","72",25.8,"88.9",30.3,9.1,37,"78.859637439","93.705661043",29.2,53.2,29.1,38.8,"61.2",,,,,"18.6","20.1",,,,,"79.9",
"Eovaldi, Nathan",543135,2025,35,496,463,90,59,20,1,10,129,21,26,4.2,".194",".307",".239","0.546","0.113",".245","11","3","1.73","338",".358",".240",".272",".139","72.2",28.4,"88.6",31.4,7.4,38.5,"77.481805","93.954033855",27.7,50.7,51.2,24.9,"22.5","1.2",,"19.7","5.1","20.1","31.4",,,,,"47.6","20.9"
"Bender, Anthony",669622,2025,30,204,181,32,21,7,1,3,42,21,20.6,10.3,".177",".276",".270","0.546","0.099",".213","3","5","2.16","139",".365",".245",".294",".150","71.4",20.6,"89.6",23.7,7.2,44.6,"78.707356957","94.508008759",20.6,41.5,48.9,30.2,"1.3","22.3","3.6",,"26.8",,,"46",,,,"28.1","68.3"
"Peralta, Wandy",593974,2025,33,313,277,66,46,13,2,5,63,30,20.1,9.6,".238",".354",".315","0.669","0.116",".289","6","1","3.14","218",".386",".293",".311",".133","72.6",28.2,"87.6",29.4,6.9,36.2,"75.314537685","94.024205442",29,48.5,59.6,17.9,"3.3","16.6","34.5",,"45.5",,,,,,,"48.9","16.6"
"Festa, Matt",670036,2025,32,226,199,44,33,6,1,4,56,15,24.8,6.6,".221",".322",".288","0.610","0.101",".282","5","4","4.12","150",".341",".268",".290",".109","71.3",19.7,"87.4",36,6,34,"76.399022192","93.278516621",27.3,51.5,42.7,23.3,"39.5",,,,"8.1","14.2",,"38.2",,,,"61.8","38.2"
"Flaherty, Jack",656427,2025,29,681,614,147,92,31,1,23,188,59,27.6,8.7,".239",".406",".311","0.717","0.167",".307","8","15","4.64","429",".406",".313",".310",".173","71.8",24.1,"89.7",37.8,10.3,43.8,"78.732208967","94.724612024",27.3,45.6,37.1,29.1,"46.9","23.6","2.5","25.4","1.6",,,,,,,"48.5","49"
"Weissert, Greg",669711,2025,30,278,251,57,37,14,0,6,57,21,20.5,7.6,".227",".355",".292","0.647","0.128",".268","6","6","2.82","197",".371",".284",".289",".151","71.5",22.2,"89.8",35.5,7.6,38.6,"80.156528265","94.000111026",22.4,46.7,41.6,27.9,"33.4","16.2","9.7","4","27.8",,,"8.9",,,,"61.2","29.1"
"Taillon, Jameson",592791,2025,33,519,489,110,61,23,2,24,98,27,18.9,5.2,".225",".427",".265","0.692","0.202",".234","11","7","3.68","394",".424",".297",".305",".183","71.9",24.6,"88.3",33,8.1,38.3,"77.113366359","93.815742513",20.8,48.5,34.3,32.2,"37.9",,"11.2","13.3","7.4","14.6",,"15.6",,,,"60","28.9"
"Imanaga, Shota",684007,2025,31,567,537,117,65,20,1,31,117,26,20.6,4.6,".218",".432",".254","0.686","0.214",".220","9","8","3.73","423",".469",".293",".313",".236","72.6",28.9,"90.7",34.3,11.6,43.5,"80.551815288","94.869016506",24.6,53.8,30,39.5,"48.7","0.6",,"1.6","1.2",,"31.4","16.5",,,,"49.9","18.7"
"Erceg, Lucas",668674,2025,30,249,227,54,40,9,1,4,48,18,19.3,7.2,".238",".339",".305","0.644","0.101",".286","8","4","2.64","179",".388",".283",".305",".141","71.5",22.8,"89.1",27.9,7.3,37.4,"77.802849663","94.233063785",24.7,48.7,52,19,"30","29.4","16.7",,"23.9",,,,,,,"53.9","29.4"
"Santillan, Tony",663574,2025,28,301,265,53,33,11,2,7,75,29,24.9,9.6,".200",".336",".290","0.626","0.136",".250","1","5","2.44","192",".404",".280",".322",".160","71.4",20,"91.8",35.1,8.4,45.5,"81.403418298","95.576007872",27,49.7,37.7,23,"65","13.4","0.1",,,,,,"21.5",,,"65","35"
"Gil, Luis",661563,2025,27,244,208,47,28,14,0,5,41,33,16.8,13.5,".226",".365",".332","0.697","0.139",".256","4","1","3.32","169",".420",".311",".342",".166","72.3",28.1,"90.5",35.5,8.3,42.6,"80.108893882","94.765663491",21.5,44,32,29.6,"50.6","25.8","23.6",,,,,,,,,"50.6","25.8"
"Uribe, Abner",682842,2025,25,298,263,51,43,4,0,4,90,27,30.2,9.1,".194",".255",".284","0.539","0.061",".278","3","2","1.67","175",".280",".247",".260",".077","71.1",20,"86.2",28.6,2.9,34.9,"73.561736941","93.438742544",32,45.7,54.3,16,"2.1","46",,,"51.8",,,,,,,"54","46"
"Evans, Logan",688138,2025,24,350,313,82,52,15,2,13,59,31,16.9,8.9,".262",".447",".335","0.782","0.185",".285","6","5","4.32","256",".466",".339",".350",".194","72.4",28.3,"89.9",36.3,10.5,42.6,"79.041787969","94.565172078",19.4,45,40.2,25,"11",,"12.2","9.8","16.9","26.6",,"23.5",,,,"54.5","33.3"
"Montero, Keider",672456,2025,24,389,355,95,65,13,1,16,72,31,18.5,8,".268",".445",".330","0.775","0.177",".296","5","3","4.37","284",".446",".337",".333",".186","71.8",23.3,"89.1",37.7,8.1,39.4,"78.2070475","94.272348602",19.8,47.7,41.2,27.1,"30.8","21.9","12.8","14.5","19.9",,,"0.1",,,,"50.6","36.5"
"Rocker, Kumar",677958,2025,25,287,256,71,45,12,3,11,56,23,19.5,8,".277",".477",".343","0.820","0.200",".313","4","5","5.74","204",".492",".352",".364",".213","71.9",26.4,"91.2",34.8,11.8,47.5,"79.800612673","95.797203564",24.9,50,49,23,"20.2","16","6.1","6.3","26","25.4",,,,,,"71.6","22.3"
"King, Michael",650633,2025,30,308,277,62,38,12,0,12,76,26,24.7,8.4,".224",".397",".299","0.696","0.173",".263","5","3","3.44","202",".427",".305",".320",".195","71.5",20.3,"87.8",35.1,11.4,38.1,"75.256827327","94.366145373",25.8,44.1,39.1,30.2,"24.4","5.7","21.4",,"29.5",,,"19",,,,"53.9","24.7"
"Abbott, Andrew",671096,2025,26,684,631,148,99,29,1,19,149,43,21.8,6.3,".235",".374",".285","0.659","0.139",".276","10","7","2.87","489",".385",".288",".294",".152","72.2",27.4,"87.8",34.8,8,33.7,"77.083824","93.25435499",24,50,32.9,32.9,"47.2",,"19.6","15.1",,"4.3",,"13.8",,,,"51.5","28.9"
"Bergert, Ryan",686701,2025,25,323,284,61,39,13,1,8,73,35,22.6,10.8,".215",".352",".302","0.654","0.137",".260","2","2","3.66","214",".410",".290",".322",".172","71.7",19,"90",40.7,7,36.4,"80.998547642","93.790266132",23.9,46.9,29.4,36.9,"42.5","24.8","7.5","0.6","6.6",,,"18",,,,"49.1","43.4"
"Parker, Mitchell",680730,2025,25,725,653,178,106,43,4,25,103,58,14.2,8,".273",".466",".331","0.797","0.193",".287","9","16","5.68","560",".507",".342",".370",".210","72.1",26.9,"92.3",37.5,9.6,50,"82.502658484","95.835160597",19.6,51.2,37.7,27.9,"55.5","12.1",,"22",,,"10.5",,,,,"55.5","34"
"Warren, Will",701542,2025,26,711,631,158,100,32,4,22,171,65,24.1,9.1,".250",".418",".320","0.738","0.168",".304","9","8","4.44","470",".426",".321",".330",".175","72",25,"91",36,10.9,45.3,"80.374098233","95.303643801",24.6,42.8,42.8,25.5,"41.6",,"9.8","7","21",,,"20.6",,,,"62.6","27.6"
"Holton, Tyler",663947,2025,29,312,287,65,43,7,0,15,64,17,20.5,5.4,".226",".408",".266","0.674","0.182",".236","6","5","3.66","231",".414",".288",".303",".164","71.9",25.6,"87.7",31.2,8.2,37.7,"75.511923982","94.106642522",24.6,47.6,48.1,23.8,"11.3",,"14.6","3.5","21.8","30.2",,"18.6",,,,"63.3","22.1"
"Heaney, Andrew",571760,2025,34,536,479,129,69,34,1,25,86,40,16,7.5,".269",".501",".335","0.836","0.232",".280","5","10","5.52","401",".492",".357",".362",".208","72.1",27.6,"90.2",37.7,10.2,43.6,"79.264750152","94.947389467",19.9,47.5,37.9,27.4,"43.6","16.4","17.3","11.4","11.3",,,,,,,"54.9","27.8"
"Littell, Zack",641793,2025,29,759,712,174,104,33,1,36,130,32,17.1,4.2,".244",".445",".282","0.727","0.201",".250","10","8","3.81","588",".459",".311",".323",".204","72.3",28.7,"90.2",32.7,9.9,40.9,"80.190668797","94.458762186",20.4,51.8,40.7,27.8,"23.9","27.5",,,"15.8",,"27.3","5.4",,,,"39.7","32.9"
"Schlittler, Cam",693645,2025,24,304,267,58,42,8,0,8,84,31,27.6,10.2,".217",".337",".309","0.646","0.120",".284","4","3","2.96","184",".384",".291",".315",".154","72",28.4,"89",41.3,8.2,40.2,"78.249297826","94.098445683",26.1,50.1,36.4,26.6,"55.9","1.2",,"14.8","6.1","19.7",,"2.3",,,,"81.6","18.4"
"Bassitt, Chris",605135,2025,36,736,667,174,118,31,3,22,166,52,22.6,7.1,".261",".415",".325","0.740","0.154",".315","11","9","3.96","505",".400",".324",".316",".149","71.5",22.6,"87.7",34.5,8.5,36.6,"75.618546494","93.913717565",23.3,46.8,46.1,21.6,"9.3","2.9","3.7","16.2","41.7","16.8","3.6","5.8",,,,"67.8","24.9"
"Bachar, Lake",669199,2025,30,296,258,55,33,9,3,10,75,30,25.3,10.1,".213",".388",".298","0.686","0.175",".254","8","2","3.93","188",".441",".296",".327",".213","71.6",20.5,"90.3",38.3,10.6,41.5,"80.383076196","94.506561793",30.2,46.3,35.1,28.7,"37.2","23.3",,,,,"12.2","27.4",,,,"37.2","50.7"
"Mize, Casey",663554,2025,28,627,581,153,98,30,4,21,139,36,22.2,5.7,".263",".437",".307","0.744","0.174",".309","14","6","3.87","449",".413",".319",".298",".177","72.4",28.4,"90",36.1,9.1,42.5,"79.394689775","94.590713063",24.1,49.6,40.3,29.2,"33.6","16.3",,,"12.6",,"24.2",,"13.3",,,"46.2","29.6"
"Soto, Gregory",642397,2025,30,279,241,62,49,9,0,4,70,24,25.1,8.6,".257",".344",".349","0.693","0.087",".343","1","5","4.18","174",".344",".312",".305",".106","71.3",16.6,"88.9",33.9,4,37.9,"77.394929176","94.241314176",29.9,47,44.8,24.1,"7.1","34.7",,,"52.5",,"0.4","5.3",,,,"59.6","40.1"
"Vodnik, Victor",680767,2025,25,215,188,45,29,11,1,4,49,26,22.8,12.1,".239",".372",".330","0.702","0.133",".301","4","3","3.02","140",".394",".308",".317",".161","71.9",28.8,"91",31.4,8.6,48.6,"79.951584143","95.651511583",26.5,44,54.3,22.1,"55.6","12.8","26.1",,"0.4","5",,,,,,"61","12.8"
"Crochet, Garrett",676979,2025,26,814,762,165,111,28,2,24,255,46,31.3,5.7,".217",".353",".264","0.617","0.136",".291","18","5","2.59","510",".347",".270",".266",".137","72",26.6,"87.7",32.2,7.3,37.3,"75.538655219","93.9771349",29.4,51.8,49.3,23,"36.2",,"2.5",,"15.8","27.8","1.7","15.9",,,,"79.8","15.9"
"Boyd, Matthew",571510,2025,34,718,656,154,107,25,3,19,154,42,21.4,5.8,".235",".369",".288","0.657","0.134",".276","14","8","3.21","513",".398",".287",".301",".158","71.8",23.6,"88.5",31.4,9,38,"77.347035336","93.962286673",23.1,51.5,39,30.4,"47.1","14.9","23.7","11.3","3",,,,,,,"50.1","26.2"
"Schmidt, Clarke",657376,2025,29,316,282,56,33,12,2,9,73,30,23.1,9.5,".199",".351",".276","0.627","0.152",".233","4","4","3.32","212",".339",".277",".272",".141","72.5",29,"88.1",32.5,6.6,35.4,"77.140581038","93.721791185",26.6,47.6,33,31.6,"7.6","12.9",,"18.2","8.3","40.9",,"12.2",,,,"56.8","43.2"
"Miller, Bryce",682243,2025,26,392,348,93,53,22,1,17,74,34,18.9,8.7,".267",".483",".333","0.816","0.216",".290","4","6","5.68","280",".463",".349",".351",".189","71.8",25.8,"92.4",34.3,9.3,48.6,"82.570913551","95.807492873",24.2,50.9,39.3,25.7,"40.9","7.7",,"10.8","16.5","1.1","18.7","4.3",,,,"58.6","22.7"
"McGreevy, Michael",700241,2025,24,400,373,100,69,15,4,12,58,20,14.5,5,".268",".426",".309","0.735","0.158",".289","8","4","4.42","319",".457",".318",".333",".183","71.4",21,"90.5",33.2,8.8,40.1,"79.891822152","94.840920349",19.2,45.9,48,24.1,"25.5","0.2","10","12.1","22.2","9.8",,"20.2",,,,"57.5","32.5"
"Springs, Jeffrey",605488,2025,32,713,647,153,89,36,0,28,138,54,19.4,7.6,".236",".422",".295","0.717","0.186",".256","11","11","4.11","518",".431",".309",".321",".182","71.4",21.6,"88.3",38.2,8.1,37.3,"76.965319805","93.911262183",26,46.3,31.9,29.5,"42.5","20.2","25.3",,,"5.9",,"6.1",,,,"48.4","26.3"
"Palencia, Daniel",694037,2025,25,215,196,44,30,6,3,5,61,16,28.4,7.4,".224",".362",".288","0.650","0.138",".298","1","6","2.91","136",".354",".284",".282",".130","70.9",19.2,"90.1",38.2,4.4,48.5,"80.17049","94.70085791",27.5,51,39.7,25.7,"71.6","23.1",,"0.4","0.4",,"4.6",,,,,"71.9","23.4"
"Wacha, Michael",608379,2025,33,716,658,166,116,29,6,15,126,45,17.6,6.3,".252",".383",".302","0.685","0.131",".290","10","13","3.86","540",".421",".299",".317",".164","71.9",25.8,"87.5",36.7,7.4,34.6,"76.056574508","93.523519129",21.3,50.4,37.8,27.2,"27","12.2","25.4","7.7","12.7","15",,,,,,"54.7","19.9"
"Pfaadt, Brandon",694297,2025,26,767,710,198,118,51,3,26,147,37,19.2,4.8,".279",".469",".323","0.792","0.190",".317","13","9","5.25","570",".494",".339",".352",".210","72.4",29.4,"90.8",39.1,10.9,45.8,"79.642424366","95.370126614",22.1,49.2,42.3,23.9,"23.4",,"15.7","9.8","23.5","9.2",,"18.6",,,,"56","28.3"
"Wheeler, Zack",554430,2025,35,585,542,107,65,21,2,19,195,33,33.3,5.6,".197",".349",".253","0.602","0.152",".267","10","5","2.71","349",".313",".263",".247",".124","71.7",24.4,"87.4",36.7,7.2,34.1,"76.480608966","93.227809971",31.5,50.3,41.5,28.4,"40.9",,,"9.7","17.1","8.6","8.9","14.9",,,,"66.6","24.6"
"Jackson, Luke",592426,2025,33,219,182,41,33,4,0,4,38,28,17.4,12.8,".225",".313",".333","0.646","0.088",".259","2","5","4.06","150",".399",".286",".321",".160","71.9",23.9,"90.8",28,6.7,44,"80.147962466","95.393444932",22.7,46.7,52.7,22,"34.1","49.5","0.1","15.5",,"0.8",,,,,,"34.9","65"
"Harris, Hogan",663687,2025,28,277,239,54,37,12,0,5,65,33,23.5,11.9,".226",".339",".319","0.658","0.113",".285","2","1","3.20","178",".353",".289",".305",".114","70.6",18.4,"88",34.8,5.6,32.6,"77.910871023","93.049922557",23,45.6,34.8,28.7,"56.7","1.6","13.2","22.8",,"2.7",,"3.1",,,,"59.4","27.5"
"Pérez, Martín",527048,2025,34,228,202,40,23,10,1,6,44,22,19.3,9.6,".198",".347",".281","0.628","0.149",".221","1","6","3.54","160",".492",".278",".354",".243","72.4",27.3,"88.2",33.1,15,39.4,"76.05609725","94.398870189",20.9,42.4,38.8,31.9,"3.5",,"28.8","8.3","31","28.3",,,,,,"62.9","8.3"
"Gibson, Cade",806188,2025,27,230,201,44,31,9,1,3,43,21,18.7,9.1,".219",".318",".310","0.628","0.099",".263","4","5","2.63","160",".348",".279",".304",".103","71.8",25.7,"87.9",31.3,5.6,37.5,"76.765823038","93.675747975",22.3,42.5,51.9,17.5,"9.5","9.6","14.5","28.5","23.7",,,"14.2",,,,"33.1","52.3"
"Blalock, Bradley",687134,2025,24,275,243,85,59,9,0,17,27,23,9.8,8.4,".350",".597",".405","1.002","0.247",".333","2","6","9.36","222",".591",".423",".409",".269","71.8",25.1,"91.4",36.5,12.2,45.9,"80.714571545","95.462649636",15.9,47.5,40.5,31.1,"46.5","15.7",,"12.9",,"9.8","15.2",,,,,"56.2","28.6"
"Kochanowicz, Jack",686799,2025,24,512,440,136,100,14,1,21,72,58,14.1,11.3,".309",".489",".393","0.882","0.180",".325","3","11","6.81","375",".469",".379",".368",".182","72.5",30.4,"92.1",28,9.3,49.6,"81.746029301","95.756225538",20.8,47.6,52.5,23.5,"18.7","14.7","14",,"47",,,"5.5",,,,"65.7","20.2"
"Chivilli, Angel",683409,2025,22,275,246,76,51,12,0,13,43,23,15.6,8.4,".309",".516",".382","0.898","0.207",".332","1","5","7.06","203",".478",".387",".357",".208","71.5",21.5,"89.9",31.5,9.9,42.9,"78.22648598","95.137926207",29.7,50.1,49.8,23.2,"45.9","17.5","36.6",,,,,,,,,"45.9","17.5"
"Walker, Ryan",676254,2025,29,266,236,60,41,14,1,4,60,18,22.6,6.8,".254",".373",".326","0.699","0.119",".322","5","7","4.11","180",".368",".306",".305",".117","70.6",19.8,"87",31.1,5,35.6,"74.906653218","93.548727356",21.6,43.2,50,18.9,,"37.5",,,"62.5",,,,,,,"62.5","37.5"
"Gordon, Tanner",685299,2025,27,337,316,96,59,18,3,16,62,17,18.4,5,".304",".532",".344","0.876","0.228",".335","6","8","6.33","255",".530",".374",".368",".237","72.1",26.6,"90.1",42.4,11.4,41.2,"78.86339336","94.88351372",18,53.2,35.3,29.4,"52.8","25","21.1","1",,,,,,,,"52.8","26"
"Hanifee, Brenan",669724,2025,27,260,243,65,46,14,2,3,40,14,15.4,5.4,".267",".379",".312","0.691","0.112",".308","3","3","3.00","204",".418",".299",".315",".147","71.6",24.8,"90.5",29.9,6.9,44.6,"79.52943396","95.089713762",16.1,45.2,55.4,17.6,"12.1","21.1","4.2",,"62.6",,,,,,,"74.6","21.1"
"Bradley, Taj",671737,2025,24,605,539,131,84,27,1,19,127,56,21,9.3,".243",".403",".316","0.719","0.160",".281","6","8","5.05","418",".405",".314",".314",".168","72.3",27.1,"89.2",31.8,7.2,39.9,"78.130635","94.199846238",23.6,48.3,43.3,26.6,"38.6",,,"14.7","8.9","22.6","15.1",,,,,"70.1","14.7"
"Bellozo, Valente",678368,2025,25,348,316,85,54,15,1,15,54,23,15.5,6.6,".269",".465",".324","0.789","0.196",".280","1","4","4.65","266",".510",".339",".350",".250","72.1",27.3,"89.7",33.8,11.7,41.4,"78.850661515","94.487669696",20.2,49.9,32,38,"28.7",,"14.4","4.5",,"35","1.8","15.5",,,,"63.8","20"
"Casparius, Ben",676508,2025,26,333,307,78,47,22,1,8,71,21,21.3,6.3,".254",".410",".307","0.717","0.156",".306","7","5","4.64","238",".393",".312",".300",".153","71.1",22,"87.5",31.9,7.1,31.9,"77.195546356","92.986533941",27.6,49.7,34,31.5,"30.3",,,"14.4","1.3","21.9",,"32.2",,,,"53.4","46.6"
"Baz, Shane",669358,2025,26,711,633,158,95,36,1,26,176,64,24.8,9,".250",".433",".325","0.758","0.183",".303","10","12","4.87","462",".386",".330",".306",".157","71.8",24.9,"89",32.3,9.5,39.4,"77.845062957","94.260697",25.8,49.2,47,22.7,"43.9","3","11.4","26.9",,"14.7",,,,,,"58.6","29.9"
"Wrobleski, Justin",680736,2025,24,280,255,65,45,14,0,6,76,17,27.1,6.1,".255",".380",".306","0.686","0.125",".335","5","5","4.32","184",".359",".299",".289",".115","71.4",21.8,"92",30.4,3.8,47.8,"81.742858778","95.696025111",24.6,50.6,51.1,19.6,"28.6","24.8","3.3","8.6","20.6","14.1",,,,,,"63.3","33.4"
"Gausman, Kevin",592332,2025,34,775,716,155,98,34,2,21,189,50,24.4,6.5,".216",".358",".269","0.627","0.142",".263","10","11","3.59","531",".407",".273",".301",".169","72.4",28.5,"89.3",35,8.5,41.4,"78.114323042","94.522007833",26.4,51.6,37.3,29.8,"53.7","8.8",,,"0.1",,"37.4",,,,,"53.8","8.8"
"Kelly, Merrill",518876,2025,36,748,696,157,96,35,3,23,167,48,22.3,6.4,".226",".384",".277","0.661","0.158",".264","12","9","3.52","531",".431",".288",".316",".181","72.7",33.1,"90.2",32.4,9.2,43.5,"79.116163359","94.908594218",24.1,49.3,43.7,25.8,"23.2","7","27.1","9.7","12.9","20.2",,,,,,"56.3","16.7"
"Helsley, Ryan",664854,2025,30,252,222,61,41,12,0,8,63,25,25,9.9,".275",".437",".347","0.784","0.162",".344","3","4","4.50","163",".395",".336",".310",".153","71",21.5,"91",37.4,7.4,41.7,"81.211436543","94.813928199",29.5,53,45.4,23.9,"45.5","47.4",,"5.8",,"1.3",,,,,,"46.8","53.2"
"Leiter, Jack",683004,2025,25,646,571,127,84,25,0,18,148,67,22.9,10.4,".222",".361",".309","0.670","0.139",".268","10","10","3.86","426",".427",".298",".326",".192","72.3",26.9,"90.5",33.8,10.8,43.9,"80.051937028","94.832958467",24.3,47.8,37.8,30,"38.8","23.3","16.5","9.4","12",,,,,,,"50.8","32.8"
"Woodruff, Brandon",605540,2025,32,257,239,45,29,7,0,9,83,14,32.3,5.4,".188",".331",".242","0.573","0.143",".245","7","2","3.20","156",".299",".252",".233",".128","71.9",24.6,"87.9",28.8,7.1,35.9,"76.785361154","93.594377821",27.9,50.5,34,33.3,"30.8",,"17.6","3.7","30.9","15.7",,"1.2",,,,"77.4","5"
"Luzardo, Jesús",666200,2025,27,758,696,167,118,33,0,16,216,57,28.5,7.5,".240",".356",".299","0.655","0.116",".324","15","7","3.92","482",".355",".290",".285",".127","71.8",23.7,"88.5",34.2,6.6,37.1,"77.489938987","93.779297426",30.8,47.8,42.7,25.3,"33.3","7.7","17.3",,"10.8",,,"31",,,,"44","38.7"
"Hill, Tim",657612,2025,35,269,251,58,41,9,0,8,37,16,13.8,5.9,".231",".363",".276","0.639","0.132",".242","4","4","3.09","215",".384",".274",".288",".143","71.9",26.7,"90",21.4,7.9,45.1,"78.716354906","95.046864739",16.4,54.2,64.2,18.1,"13.5",,,,"82.2","4.3",,,,,,"100",
"Sousa, Bennett",656986,2025,30,199,181,37,22,11,0,4,59,15,29.6,7.5,".204",".331",".263","0.594","0.127",".275","5","1","2.84","125",".335",".261",".266",".136","72.2",27.3,"89.1",32.8,8,36.8,"77.989110968","94.230850081",36.8,53,39.2,28,"40.5","58.1",,,"1.4",,,,,,,"41.9","58.1"
"Snell, Blake",605483,2025,32,254,222,51,38,10,0,3,72,26,28.3,10.2,".230",".315",".307","0.622","0.085",".320","5","4","2.35","156",".322",".278",".283",".098","72.1",30.9,"86.2",35.3,5.8,34,"73.401030133","93.530650537",35.6,47.3,50.6,17.9,"43.6","11.1","23.6","21.7",,,,,,,,"43.6","32.8"
"Alexander, Tyler",641302,2025,30,423,386,107,78,17,3,9,82,30,19.4,7.1,".277",".407",".331","0.738","0.130",".330","5","14","4.98","308",".438",".318",".332",".158","71.3",22.5,"88.5",37.3,5.8,39.6,"77.131036107","94.163849394",21.5,48.8,35.7,29.2,"26.1",,"16",,"18.4","17.1",,"22.4",,,,"61.6","22.4"
"Svanson, Matt",694335,2025,26,234,206,33,23,5,2,3,68,20,29.1,8.5,".160",".248",".244","0.492","0.088",".216","4","0","1.94","142",".337",".225",".275",".136","70.8",17.5,"89.1",39.4,8.5,35.9,"78.330131857","94.20207",23.1,44.1,43,24.6,"1.3",,,,"47.4","16.4",,"34.9",,,,"65.1","34.9"
"Williams, Trevor",592866,2025,33,373,342,106,74,18,3,11,65,21,17.4,5.6,".310",".477",".347","0.824","0.167",".348","3","10","6.21","285",".435",".352",".330",".158","71.9",24.2,"90",39.6,8.4,40.7,"79.796024317","94.332743633",19.8,46.7,35.1,30.5,"42.3","8.8","12.8",,"8.6",,,"27.5",,,,"50.9","36.3"
"Brown, Ben",676962,2025,25,472,433,121,80,19,4,18,121,32,25.6,6.8,".279",".467",".333","0.800","0.188",".348","5","8","5.92","315",".451",".345",".329",".197","71.9",26.6,"92.4",36.8,11.4,47.3,"82.826186581","95.598631097",28.3,47.9,42.9,26.7,"55.6",,"4.5","39.9",,,,,,,,"55.6","39.9"
"Birdsong, Hayden",806185,2025,23,298,252,61,37,12,2,10,68,37,22.8,12.4,".242",".425",".347","0.772","0.183",".288","4","4","4.80","188",".420",".338",".334",".193","72",26,"89.8",36.2,9.6,46.8,"79.24058734","94.684951497",28.4,43.7,34,30.3,"44.1","24.4","16.8","13",,,,,"1.7",,,"44.1","39"
"Bazardo, Eduard",660825,2025,29,313,280,53,38,5,1,9,82,27,26.2,8.6,".189",".311",".262","0.573","0.122",".228","5","0","2.52","202",".359",".252",".285",".153","71.5",21.7,"88.5",32.7,9.4,37.1,"77.733708515","93.734075347",19.4,42.9,38.6,30.7,"14.3",,,,"40.6","0.2","2","42.8",,,,"55.1","42.8"
"Canning, Griffin",656288,2025,29,327,292,70,51,10,1,8,70,34,21.4,10.4,".240",".363",".319","0.682","0.123",".290","7","3","3.77","223",".435",".303",".334",".182","72.4",28.7,"91.2",31.8,9.4,45.7,"81.002928257","95.23954656",25.5,45.8,51.6,22,"35.1","30.6","23.2","6.5",,"3.7",,"0.9",,,,"38.8","38"
"Kerkering, Orion",689147,2025,24,266,231,55,38,11,0,6,65,27,24.4,10.2,".238",".364",".323","0.687","0.126",".299","8","4","3.30","170",".353",".300",".298",".125","71.8",23.9,"85.9",36.5,6.5,33.5,"73.900155357","93.028676407",23.7,42.9,43.5,25.3,"33.2",,,,"18.8",,,"48",,,,"52","48"
"Suarez, Robert",663158,2025,34,269,249,47,34,6,1,6,75,16,27.9,5.9,".189",".293",".243","0.536","0.104",".243","4","6","2.97","176",".402",".235",".298",".166","71.5",22.9,"90.5",37.5,9.1,42.6,"80.061594023","95.062653121",24,54.3,36.9,26.7,"63.4",,"23.9",,"12.5","0.2",,,,,,"76.1",
"Misiorowski, Jacob",694819,2025,23,272,239,51,33,9,1,8,87,30,32,11,".213",".360",".309","0.669","0.147",".299","5","3","4.36","152",".345",".298",".288",".143","71.8",22.9,"89",40.8,7.9,37.5,"79.236436579","93.62802596",29.7,49.8,34.9,28.3,"55.2","24.3","5.9","14.6",,,,,,,,"55.2","38.9"
"Cabrera, Edward",665795,2025,27,581,519,121,80,24,0,17,150,48,25.8,8.3,".233",".378",".309","0.687","0.145",".293","8","7","3.53","373",".394",".303",".312",".156","72",26,"90.3",31.1,8.6,46.4,"79.023723514","95.170167541",29.4,45.1,47.5,24.7,"13","17.3","25.8","23.6","20.4",,,,,,,"33.4","40.9"
"Kolek, Stephen",663568,2025,28,461,417,98,74,13,2,9,77,31,16.7,6.7,".235",".341",".296","0.637","0.106",".264","5","7","3.51","346",".407",".280",".321",".146","72",26.2,"91.1",32.9,6.1,48,"80.278387602","95.430454825",17.7,46.8,51.7,22.3,"25.6","16.5","11.6","0.1","24.1","15.2",,"6.9",,,,"64.9","23.5"
"May, Dustin",669160,2025,27,584,510,132,84,21,6,21,123,56,21.1,9.6,".259",".447",".344","0.791","0.188",".300","7","11","4.96","393",".451",".342",".349",".191","72.3",28.9,"90.6",34.9,9.2,44.5,"79.491363897","95.163508072",20,45.3,42.7,26.2,"16.6",,"0.8",,"33.6","9.7",,"39.3",,,,"59.9","39.3"
"Fisher, Braydon",680755,2025,24,202,177,32,22,6,0,4,62,19,30.7,9.4,".181",".282",".269","0.551","0.101",".248","7","0","2.70","118",".351",".248",".285",".144","71.2",18,"88.1",29.7,7.6,36.4,"77.140296441","93.774442137",29.9,43.6,36.4,33.1,"22.1","38.3",,"36.6",,"3",,,,,,"25.1","74.9"
"Rodriguez, Eduardo",593958,2025,32,694,623,178,113,37,3,25,143,60,20.6,8.6,".286",".475",".347","0.822","0.189",".333","9","9","5.02","489",".431",".353",".328",".172","72",27.1,"88.2",35.8,8.2,35.2,"76.814734292","93.89951643",23,47.1,38.9,23.9,"46.6","3.8","20.5","4.7","8.8","15.6",,,,,,"71","8.5"
"Skenes, Paul",694973,2025,23,733,684,136,86,37,2,11,216,42,29.5,5.7,".199",".307",".251","0.558","0.108",".273","10","10","1.97","469",".321",".247",".255",".119","71.2",20.4,"87.6",29.4,5.8,40.1,"75.47852","93.884708556",30.1,49.6,44.6,24.9,"38.9","5.6","10.9","4.8","10.4",,"13.5","15.8",,,,"49.3","26.3"
"Little, Brendon",663893,2025,28,295,245,48,35,9,2,2,91,45,30.8,15.3,".196",".273",".323","0.596","0.077",".299","4","2","3.03","157",".291",".273",".286",".097","72.7",35.2,"89.7",30.6,6.4,47.1,"78.031955513","95.180069677",43.5,40.6,59.9,14,,,,"46","46.1","7.8",,,,,,"54","46"
"Pallante, Andre",669467,2025,26,715,640,173,116,32,4,21,111,62,15.5,8.7,".270",".431",".337","0.768","0.161",".296","6","15","5.31","537",".402",".334",".321",".144","71.7",21.1,"89.2",28.7,6.5,39.9,"77.928687634","94.458794676",22.3,45.9,59.9,18.1,"44.1","28.5",,"14","13.3",,,"0.1",,,,"57.4","42.6"
"Kikuchi, Yusei",579328,2025,34,772,689,180,120,35,1,24,174,74,22.5,9.6,".261",".419",".333","0.752","0.158",".314","7","11","3.99","521",".428",".327",".327",".178","72.5",30.2,"91",34.2,9.4,42.2,"80.679269806","95.007564466",23.6,48.3,40.3,27.6,"34.9","36.2","12.2","15.4","1.1",,,"0.2",,,,"36","51.8"
"Cleavinger, Garrett",664076,2025,31,243,217,40,25,5,1,9,82,18,33.7,7.4,".184",".341",".267","0.608","0.157",".244","2","6","2.35","136",".333",".271",".281",".128","72",27.1,"88.8",34.6,5.9,41.2,"76.393978485","94.963080076",36,49.5,47.1,27.9,"12","38.8",,,"37.2","1.7",,"10.3",,,,"50.9","49.1"
"Pivetta, Nick",601713,2025,32,721,660,129,86,19,2,22,190,50,26.4,6.9,".195",".330",".253","0.583","0.135",".236","13","5","2.87","478",".424",".256",".310",".196","71.8",23.7,"90.3",36.4,10.9,45,"79.736148771","94.701402267",24.6,47.7,34.1,33.3,"47.4","0.5",,"22.4","2.3","8.8","0.2","18.6",,,,"58.4","41.4"
"Lauer, Eric",641778,2025,30,426,396,90,51,22,2,15,102,26,23.9,6.1,".227",".407",".278","0.685","0.180",".268","9","2","3.18","296",".419",".295",".306",".179","72.1",23.9,"90.6",38.5,8.1,41.9,"81.159901438","94.514243505",23.7,48.7,29.7,34.8,"46.5","10.6","8","14.4","0.1","20.5",,,,,,"67","25"
"Bernardino, Brennan",657514,2025,33,225,190,39,30,8,0,1,43,27,19.1,12,".205",".263",".309","0.572","0.058",".255","4","3","3.14","151",".326",".256",".287",".115","71.6",25.4,"87.6",28.5,7.3,35.8,"75.546172973","93.832306486",19.3,43.6,50.3,21.9,"0.2","4.1","12.5","26.3","44.5","12.4",,,,,,"57.1","30.4"
"Soroka, Michael",647336,2025,27,379,334,72,44,15,1,12,95,29,25.1,7.7,".216",".374",".306","0.680","0.158",".263","3","8","4.52","240",".351",".302",".293",".142","71.8",23.6,"89.2",27.5,6.7,40.4,"78.414330168","94.280573361",23.7,45.5,44.2,29.2,"45.4",,"10.1",,"9.7",,,,"34.8",,,"55.1","34.8"
"Lorenzen, Michael",547179,2025,33,606,557,149,90,30,4,25,127,39,21,6.4,".268",".470",".320","0.790","0.202",".303","7","11","4.64","434",".451",".339",".331",".191","71.9",26.1,"89.3",36.6,8.8,39.2,"78.770731389","94.056205903",23.4,48.1,39.2,27.2,"22","11.9","17.3","11.3","18","10.8",,"8.6",,,,"50.9","31.8"
"Wilson, Steven",621051,2025,30,241,209,50,36,7,0,7,51,22,21.2,9.1,".239",".373",".311","0.684","0.134",".272","2","2","3.42","165",".382",".296",".302",".145","71.4",20.1,"89.6",35.2,5.5,36.4,"80.504456627","93.533160485",24.8,47.6,26.1,36.4,"33.4",,"7.3",,,"1",,"58.3",,,,"34.4","58.3"
"García, Luis",472610,2025,38,233,203,55,36,15,2,2,48,26,20.6,11.2,".271",".394",".351","0.745","0.123",".342","2","2","3.42","159",".419",".320",".327",".156","71.3",21.2,"90.8",35.8,7.5,48.4,"79.68230641","95.325510256",24.1,48.7,49.7,18.2,"1.9",,,,"42.1",,"22.3","33.7",,,,"44","33.7"
"Singer, Brady",663903,2025,28,716,631,150,89,36,6,19,163,60,22.8,8.4,".238",".404",".314","0.718","0.166",".286","14","12","4.03","479",".410",".313",".320",".166","72.1",26.5,"90.3",36.3,9.4,40.7,"79.955468025","94.544913495",24,44.4,39.7,28.4,"10.7","28.4",,,"40.6","9.3",,"11.1",,,,"60.5","39.5"
"Vest, Will",676684,2025,30,284,259,61,47,8,2,4,75,22,26.4,7.7,".236",".328",".297","0.625","0.092",".315","6","5","3.01","186",".315",".277",".266",".098","70.8",19.4,"88.8",24.7,4.3,41.4,"77.537494891","94.149179946",26.7,48,58.1,18.3,"52.4","23.8","7",,"16.7",,,,,,,"69.1","23.8"
"Brown, Hunter",686613,2025,26,729,661,133,93,20,3,17,206,57,28.3,7.8,".201",".318",".271","0.589","0.117",".264","12","9","2.43","459",".339",".262",".277",".122","71.8",25.6,"86.1",31.4,5.9,32.2,"73.816626184","93.243178596",27.8,44.8,48.1,23.3,"37.4","4.4","12","17.9","22.7","5.5",,,,,,"65.7","22.3"
"Baker, Bryan",641329,2025,30,274,255,59,35,9,2,13,83,17,30.3,6.2,".231",".435",".278","0.713","0.204",".287","4","4","4.06","174",".447",".306",".311",".215","71.4",22.6,"90.6",35.1,12.6,48.3,"79.631394483","95.34969185",29.1,51.1,37.9,28.2,"47.2","25","27.9",,,,,,,,,"47.2","25"
"Kershaw, Clayton",477132,2025,37,463,420,102,70,22,2,8,84,35,18.1,7.6,".243",".362",".302","0.664","0.119",".283","11","2","3.36","342",".378",".292",".303",".128","73",37,"89.7",31.3,4.1,42.1,"78.924767294","94.516163835",24.3,45.3,48.2,22.2,"34.4","41.3",,"17.9","0.7",,"5.5",,,,,"35.2","59.3"
"Verlander, Justin",434378,2025,42,662,595,155,97,41,1,16,137,52,20.7,7.9,".261",".413",".323","0.736","0.152",".310","4","11","3.85","467",".419",".320",".319",".168","71.6",23.7,"88.6",37.3,8.1,37,"77.701988918","93.938797983",24.8,48.8,35.5,30,"45.3","23.3","8.5","14.6","0.4",,,"7.9",,,,"45.7","45.8"
"Díaz, Edwin",621242,2025,31,258,225,37,27,6,0,4,98,21,38,8.1,".164",".244",".258","0.502","0.080",".264","6","3","1.63","131",".264",".234",".247",".094","71.4",23.4,"88.5",32.8,4.6,39.7,"77.057612969","94.369810156",41.5,47.6,48.1,23.7,"52.6","47.3","0.1",,,,,,,,,"52.6","47.3"
"Festa, David",701581,2025,25,229,204,49,32,7,0,10,53,19,23.1,8.3,".240",".422",".316","0.738","0.182",".275","3","4","5.40","153",".465",".322",".339",".222","72.3",25.1,"90.4",34,11.8,40.5,"79.851768158","95.067738344",27.4,51.2,36.6,34,"31.5","26.8","29",,"12.7",,,,,,,"44.2","26.8"
"Sterner, Justin",686993,2025,28,266,234,47,32,5,0,10,70,21,26.3,7.9,".201",".350",".283","0.633","0.149",".236","4","3","3.18","167",".366",".278",".285",".163","71.4",21.3,"89.8",33.5,9.6,38.9,"79.729549881","94.196491916",30.8,50,29.9,34.1,"52.2",,,,,"32.1",,"15.7",,,,"84.3","15.7"
"Speier, Gabe",642100,2025,30,243,224,43,25,11,2,5,82,11,33.7,4.5,".192",".326",".243","0.569","0.134",".271","4","3","2.61","145",".311",".247",".247",".123","71.5",23.9,"89.7",26.9,9,40.7,"78.689063472","94.681682168",30.9,52,40,34.5,"44.7","25.7",,,"29.5",,,,,,,"74.3","25.7"
"Corbin, Patrick",571578,2025,35,663,602,161,107,31,2,21,131,51,19.8,7.7,".267",".430",".326","0.756","0.163",".308","7","11","4.40","478",".439",".328",".336",".171","72.4",29.9,"89.2",34.7,8.4,40.4,"78.287246481","94.301912618",26.9,46.3,41,27.4,"2.7","33.5","9.4","0.6","28.9","25",,,,,,"56.5","34.1"
"Hancock, Emerson",676106,2025,26,385,346,93,62,16,0,15,64,31,16.6,8.1,".269",".445",".336","0.781","0.176",".290","4","5","4.90","285",".468",".339",".358",".178","72.1",26.8,"89",35.4,7.7,42.5,"77.615179437","94.459962923",20.3,49.6,43.9,25.3,"26.8","11.4","20.4",,"38","0.1",,"3.2",,,,"64.9","14.6"
"Anderson, Grant",681982,2025,28,299,264,59,42,8,1,8,74,29,24.7,9.7,".223",".352",".303","0.655","0.129",".277","2","6","3.23","194",".360",".287",".300",".117","71.3",21.5,"88.8",32,5.2,38.1,"77.310534149","94.255863351",30.9,48.1,42.8,25.8,"33.2",,"4.1",,"24.8",,,"37.8",,,,"58","37.8"
"Horton, Cade",690990,2025,23,476,433,95,67,17,1,10,97,33,20.4,6.9,".219",".333",".282","0.615","0.114",".258","11","4","2.67","340",".406",".273",".306",".170","72",25.5,"89.7",33.3,10,41.3,"79.154849053","94.451553027",25.8,48.6,42.8,29.2,"50.3","0.1","12.8","9.7","5.5",,,"21.6",,,,"55.8","31.5"
"Phillips, Tyler",663969,2025,27,313,287,65,46,10,1,8,52,24,16.6,7.7,".226",".352",".291","0.643","0.126",".251","2","1","2.78","235",".370",".284",".298",".131","72.1",25.2,"89.2",26,5.1,43.4,"77.404647949","94.783240429",27.3,47.9,55.7,20.9,"8.9",,,"23.1","31.4","0.4","13.6","22.5",,,,"40.8","45.6"
"Liberatore, Matthew",669461,2025,25,648,593,158,105,32,2,19,122,40,18.8,6.2,".266",".423",".313","0.736","0.157",".302","8","12","4.21","482",".465",".318",".340",".192","72.1",26.2,"90.6",36.3,10.6,41.1,"80.506174473","94.74102241",20.2,48.2,39,27.4,"28.7","21.2","12.2","15.8","11.8","10.4",,,,,,"50.8","37"
"Roupp, Landen",694738,2025,26,476,422,113,79,23,0,11,102,45,21.4,9.5,".268",".400",".340","0.740","0.132",".326","7","7","3.80","326",".408",".325",".319",".161","71.8",24.9,"88.4",36.5,8.9,36.5,"76.827210559","94.175041433",25.2,43.8,46,24.2,"0.7",,"17.1","35.7","39.9","6.7",,,,,,"47.3","35.7"
"Rogers, Taylor",573124,2025,34,221,190,47,26,13,1,7,53,23,24,10.4,".247",".437",".332","0.769","0.190",".299","3","2","3.38","142",".406",".329",".316",".175","71.4",21.6,"90.1",34.5,9.9,44.4,"78.819542143","94.992561511",23.2,44.3,41.5,22.5,,,,,"49.1",,,"50.9",,,,"49.1","50.9"
"Castillo, Luis",622491,2025,32,745,689,168,108,34,3,23,162,46,21.7,6.2,".244",".402",".297","0.699","0.158",".286","11","8","3.54","530",".418",".304",".312",".173","71.5",21.8,"90.3",32.1,10.4,46.4,"79.249648523","95.089940152",24.6,51.6,41.1,28.7,"46.3","20.4","11.4",,"22",,,,,,,"68.2","20.4"
"Hurter, Brant",676428,2025,26,277,236,57,45,8,0,4,68,27,24.5,9.7,".242",".326",".345","0.671","0.084",".321","4","3","2.43","171",".327",".303",".297",".100","71.1",19.4,"87.7",32.2,3.5,36.8,"76.585990361","93.552781024",26,44.2,50.9,19.9,"5.3",,"10.6",,"52.5",,,"31.6",,,,"57.8","31.6"
"Keller, Mitch",656605,2025,29,749,686,171,108,40,2,21,150,51,20,6.8,".249",".405",".310","0.715","0.156",".291","6","15","4.19","537",".430",".313",".326",".171","71.5",21.8,"90.1",34.6,7.8,43.8,"79.4512197","94.723694728",20.6,48.5,44.3,24.4,"34.8","14","7","7.3","17.8","0.1",,"19.1",,,,"52.7","40.3"
"Valdez, Framber",664285,2025,31,802,717,171,119,33,4,15,187,68,23.3,8.5,".238",".358",".308","0.666","0.120",".299","13","11","3.66","540",".370",".295",".303",".129","72.3",26.4,"90.8",28.1,6.7,46.3,"79.964667978","95.300987092",26.6,47.3,59.4,16.5,"0.2","3.1","17.9","33.1","45.7",,,,,,,"45.9","36.3"
"Allard, Kolby",663465,2025,27,266,245,64,45,13,1,5,42,14,15.8,5.3,".261",".384",".300","0.684","0.123",".294","2","2","2.63","209",".391",".293",".286",".150","71.8",23.8,"88.2",34.4,5.7,35.9,"77.493502039","93.650984049",19.6,49.5,38.3,26.3,"38.9",,"20","13.2","8.6","19.3",,,,,,"66.8","13.2"
"Glasnow, Tyler",607192,2025,31,366,316,56,34,12,0,10,106,43,29,11.7,".177",".310",".279","0.589","0.133",".225","4","3","3.19","214",".324",".266",".285",".121","71.5",24.7,"88.2",33.2,7.9,37.4,"77.428044393","93.680485164",28.2,42.4,44.4,28.5,"36.3","22.1",,"21.9","19.7",,,,,,,"56","44"
"Bivens, Spencer",702352,2025,31,343,309,83,57,15,5,6,61,25,17.8,7.3,".269",".408",".331","0.739","0.139",".316","4","3","4.00","252",".395",".322",".314",".148","71.6",23.2,"87.5",28.6,7.1,37.3,"75.871326855","93.556352177",17,49.1,52.8,20.6,"6.3",,"15.3",,"37.6","27.2",,"8.3","5.3",,,"71","13.7"
"Bubic, Kris",663460,2025,27,476,431,98,68,21,3,6,116,39,24.4,8.2,".227",".332",".294","0.626","0.105",".295","8","7","2.55","318",".333",".277",".278",".112","72",26.9,"87.6",32.1,6.6,39.3,"75.386163962","93.984739716",28.8,49.2,46.5,19.8,"38.1","13.5","21.1",,"6.5",,,"20.8",,,,"44.6","34.3"
"Gore, MacKenzie",669022,2025,26,679,602,152,103,28,1,20,185,63,27.2,9.3,".252",".402",".325","0.727","0.150",".327","5","15","4.17","426",".415",".318",".322",".174","71.4",23.5,"90.4",35.9,10.6,44.1,"79.811918815","94.95579848",29.7,49.4,38.5,31.5,"49.3","12","10.3","24",,"4.5",,,,,,"53.8","35.9"
"Leasure, Jordan",673929,2025,26,269,237,49,22,14,1,12,81,30,30.1,11.2,".207",".426",".297","0.723","0.219",".255","5","6","3.92","157",".348",".312",".279",".158","71.6",22.9,"89.1",36.9,10.8,37.6,"78.435208846","94.011580968",31.9,48.8,28.7,31.8,"53.5","42.5",,,"1.2",,"2.7",,,,,"54.8","42.5"
"Ragans, Cole",666142,2025,27,257,232,53,32,13,1,7,98,20,38.1,7.8,".228",".384",".293","0.677","0.156",".357","3","3","4.67","137",".321",".295",".256",".135","71.5",21.5,"88.4",32.1,9.5,39.4,"76.571539706","94.275790368",34.8,49.6,37.2,27,"49.5","13.8","19.2","12.8",,"4.7",,,,,,"54.2","26.6"
"Holmes, Grant",656550,2025,29,492,426,100,68,15,1,16,123,54,25,11,".235",".387",".328","0.715","0.152",".289","4","9","3.99","308",".414",".316",".329",".174","72.1",25.4,"90.1",36.4,10.1,41.9,"79.629241184","94.661142401",29.7,48.3,45.8,27.6,"32.6","35.7","1.2","15.2","0.1","15.1",,,,,,"47.9","51"
"Wentz, Joey",666214,2025,27,442,393,110,80,15,4,11,92,43,20.8,9.7,".280",".422",".348","0.770","0.142",".336","5","7","5.60","306",".421",".334",".329",".164","71.8",23.3,"90.5",36.3,9.5,42.8,"80.603843974","94.649886954",23.5,49.2,38.2,27.5,"44.1","25.5","3.5","17.8",,"9.2",,,,,,"53.3","43.3"
"Sánchez, Cristopher",650911,2025,28,807,754,171,124,35,0,12,212,44,26.3,5.5,".227",".321",".275","0.596","0.094",".299","13","5","2.50","545",".345",".264",".272",".120","72",26.9,"89",27,5.7,39.8,"77.436793852","94.392001148",30.4,49.5,58.5,16.9,,"16.6","37.4",,"46",,,,,,,"46","16.6"
"Milner, Hoby",571948,2025,34,293,266,68,47,14,2,5,58,21,19.8,7.2,".256",".380",".312","0.692","0.124",".306","3","4","3.84","212",".405",".298",".303",".170","71.2",22.4,"88.4",28.3,9,36.8,"77.915462692","93.624473333",15.5,43.6,53.8,24.1,"14.2",,"17.4",,"33.4",,,"35.1",,,,"47.5","35.1"
"Ashcraft, Graham",668933,2025,27,284,254,68,48,18,0,2,64,25,22.5,8.8,".268",".362",".333","0.695","0.094",".351","8","5","3.99","195",".337",".309",".290",".094","71",18.5,"84.8",30.3,4.1,32.3,"71.427445106","93.12468016",29.8,50,58.5,12.8,,"45.9",,,,"54.1",,,,,,"54.1","45.9"
"Ashcraft, Braxton",677952,2025,25,292,264,63,43,16,1,3,71,24,24.3,8.2,".239",".341",".306","0.647","0.102",".314","4","4","2.71","195",".350",".286",".289",".115","71.8",20.3,"88",30.8,4.6,38.5,"76.398213021","94.089793979",26.2,50.2,50.8,22.1,"29.7","31.2","3.3","21.1","14.8",,,,,,,"44.5","52.3"
"Kinley, Tyler",641755,2025,34,308,270,53,36,11,0,6,73,33,23.7,10.7,".196",".304",".289","0.593","0.108",".244","6","3","3.96","199",".355",".263",".293",".135","71.3",21.2,"87",34.7,7,29.6,"75.874641313","93.183719543",31.2,49.1,33.7,30.7,"22.9","63.9","0.9","12.3",,,,,,,,"22.9","76.2"
"Romero, JoJo",668941,2025,28,255,217,47,36,9,0,2,55,29,21.6,11.4,".217",".286",".311","0.597","0.069",".276","4","6","2.07","168",".343",".265",".291",".123","71.6",22.1,"87.3",28.6,7.1,35.1,"75.560028293","93.63772638",27,41.5,57.1,18.5,"6","37.9","22.5",,"32.2","0.1",,,"1.3",,,"38.3","39.2"
"Gray, Sonny",543243,2025,35,753,705,185,125,31,4,25,201,38,26.7,5,".262",".424",".302","0.726","0.162",".332","14","8","4.28","508",".417",".314",".306",".167","72.6",29.4,"88.9",34.8,9.8,40.7,"76.982367233","94.518739901",27.5,47.4,45.1,23.2,"21.7","1.6","8.4","18.4","18","12.6",,"19.2",,,,"52.3","39.3"
"Ortiz, Luis",682847,2025,26,382,337,80,55,12,1,12,96,42,25.1,11,".237",".386",".322","0.708","0.149",".294","4","9","4.36","243",".442",".312",".336",".195","72.1",24.7,"91.8",32.9,10.3,47.7,"81.226247","95.788528",28.9,46.5,46.9,24.3,"29.4","25.9","12.9",,"19.5","12.3",,,,,,"61.2","25.9"
"Woo, Bryan",693433,2025,25,731,685,137,85,25,1,26,198,36,27.1,4.9,".200",".353",".243","0.596","0.153",".239","15","7","2.94","493",".374",".259",".274",".159","71.9",26.2,"89.1",32.5,9.1,41.8,"77.567134979","94.556632572",26.2,53.2,41.4,26.8,"47.3","11","7.1",,"25.5",,,"9",,,,"72.8","20"
"Buttó, José",676130,2025,27,284,242,62,40,16,2,4,58,32,20.4,11.3,".256",".388",".342","0.730","0.132",".314","5","3","3.90","191",".417",".318",".328",".169","71.4",19.5,"90.1",29.8,9.4,39.8,"79.676354421","94.558922063",28.8,47.2,48.2,23.6,"30.9","30","15.2",,"17",,,"7",,,,"47.9","37"
"Rogers, Trevor",669432,2025,27,423,388,70,53,8,3,6,103,29,24.3,6.9,".180",".263",".240","0.503","0.083",".228","9","3","1.81","289",".376",".226",".288",".151","72.2",26.5,"89.7",31.5,7.6,48.4,"77.857441469","95.210002667",25.6,52.9,46.4,24.6,"40.8",,"25","2.7","14.9","16.5",,,,,,"72.3","2.7"
"Rutledge, Jackson",671131,2025,26,331,293,87,56,14,1,16,65,25,19.6,7.6,".297",".515",".361","0.876","0.218",".327","4","2","5.77","234",".448",".374",".335",".193","71.7",23.4,"91",30.8,9.8,49.1,"80.477914655","95.404287792",25.3,47.3,41.5,28.2,"18.7","26.1",,,"32.6","13.1","9.4",,,,,"64.5","26.1"
"Bello, Brayan",678394,2025,26,700,620,147,107,23,1,16,124,59,17.7,8.4,".237",".355",".314","0.669","0.118",".270","11","9","3.35","504",".409",".297",".327",".151","72.1",27.8,"88.8",30.8,7.1,39.3,"77.392833825","94.176171155",20.1,45.8,50,24,"14.8",,"15",,"35.4","16",,"18.8",,,,"66.2","18.8"
"Nola, Aaron",605400,2025,32,404,371,99,59,19,3,18,97,28,24,6.9,".267",".480",".325","0.805","0.213",".316","5","10","6.01","275",".417",".346",".315",".171","72.4",24.7,"89.4",35.3,9.1,43.3,"78.681702336","94.399605751",25.2,46.9,42.9,26.2,"30.3",,"15.4","29.1","17.8","7.3",,,,,,"55.4","29.1"
"Gilbert, Tyler",656457,2025,31,215,186,40,24,11,0,5,49,24,22.8,11.2,".215",".355",".310","0.665","0.140",".263","4","2","3.88","140",".404",".291",".313",".184","71.7",23.2,"90",35,10,40.7,"80.02792087","94.180523139",26.2,46.8,33.6,35.7,"12",,,,"31.5","18.4","7.9","30.3",,,,"61.9","30.3"
"Márquez, Germán",608566,2025,30,591,530,168,99,40,6,23,83,48,14,8.1,".317",".545",".378","0.923","0.228",".339","3","16","6.70","453",".504",".393",".366",".218","72.6",32.5,"91.7",35.8,11.1,48.5,"81.597628348","95.499986518",18.6,48,36.9,28.5,"35.3","10.8","2.4","31.6","19.8",,,,,,,"55.2","42.4"
"Jansen, Kenley",445276,2025,37,234,212,37,23,5,1,8,57,19,24.4,8.1,".175",".321",".245","0.566","0.146",".196","5","4","2.59","157",".425",".246",".301",".212","72.8",32.4,"91.5",31.2,8.9,44.6,"82.345025714","94.96297526",25.8,55.7,28.7,43.3,,"6.1",,,"9.2","81.4",,"3.3",,,,"90.6","9.4"
"Latz, Jacob",656641,2025,29,348,310,69,45,14,3,7,76,37,21.8,10.6,".223",".355",".305","0.660","0.132",".272","2","0","2.84","235",".395",".290",".315",".149","71.7",25.3,"90",33.2,6.4,42.6,"79.249931624","94.595176581",29.4,49.2,37.9,26.4,"49.4","20.9","23.3","6.4",,,,,,,,"49.4","27.3"
"Matsui, Yuki",673513,2025,29,272,233,53,31,10,2,10,61,33,22.4,12.1,".227",".416",".321","0.737","0.189",".259","3","1","3.98","177",".397",".318",".313",".170","72.1",28.2,"88.5",30.5,9,37.3,"77.594650455","93.797769716",30.3,49,32.2,36.7,"39.5","15.9",,"0.2","1.5",,"32.2","10.7",,,,"41","26.8"
"Hader, Josh",623352,2025,31,206,184,29,11,10,0,8,76,16,36.9,7.8,".158",".342",".232","0.574","0.184",".208","6","2","2.05","111",".272",".249",".221",".123","71",20.7,"88",34.2,8.1,34.2,"77.681164074","93.2392575",40.5,55.1,22.5,35.1,,"41.4","4.4",,"54.2",,,,,,,"54.2","41.4"
"Ray, Robbie",592662,2025,33,755,671,148,85,39,2,22,186,73,24.6,9.7,".221",".383",".298","0.681","0.162",".269","11","8","3.65","492",".385",".299",".300",".166","71.9",25.4,"91",35.4,9.6,44.7,"81.357482769","94.734721694",27.8,49.3,36.6,33.1,"51.9","22.6","13","12.1","0.1",,,"0.4",,,,"52","35"
"Garrett, Reed",657585,2025,32,238,211,47,30,12,0,5,64,26,26.9,10.9,".223",".351",".311","0.662","0.128",".296","3","6","3.90","147",".342",".292",".292",".114","72.1",24.2,"88",36.1,4.8,40.8,"75.675475753","94.289357534",30.5,45.3,42.2,24.5,"4.3",,,,"24","28.2","22.4","21.1",,,,"56.5","21.1"
"Chapman, Aroldis",547973,2025,37,228,212,28,20,5,0,3,85,15,37.3,6.6,".132",".198",".189","0.387","0.066",".200","5","3","1.17","128",".278",".177",".227",".103","71.7",24.5,"88.8",34.4,5.5,36.7,"78.389957656","93.713131024",35.8,57.3,38.3,28.1,"39.8","15.2",,,"33.9",,"11.1",,,,,"73.7","15.2"
"Irvin, Jake",663623,2025,28,787,717,195,116,38,3,38,124,62,15.8,7.9,".272",".492",".334","0.826","0.220",".282","9","13","5.70","595",".506",".355",".360",".233","72",25.2,"90.4",34.8,11.9,47.1,"79.313724864","95.158643027",18.2,46.8,43.5,27.9,"32","4.3","7.7","29.6","22.2","4.2",,,,,,"58.4","33.9"
"Mlodzinski, Carmen",669387,2025,26,419,385,102,72,20,2,8,89,27,21.2,6.4,".265",".390",".320","0.710","0.125",".326","5","8","3.55","299",".396",".312",".313",".135","71.7",24.5,"90.2",34.8,6,40.1,"79.93386863","94.732405308",23,46.6,48.5,20.1,"36.1","14.3",,"8.9","15.1","0.2","15.2","10.3",,,,"51.4","33.5"
"Ferguson, Tyler",621053,2025,31,246,201,43,31,5,3,4,54,34,22,13.8,".214",".328",".332","0.660","0.114",".264","4","2","4.66","154",".341",".296",".301",".132","71.3",21,"87.5",33.1,6.5,31.8,"76.9264736","93.116137733",26,46.7,38.3,33.1,"38.5",,"4",,"14.8","10.9",,"31.7",,,,"64.2","31.7"
"Morejon, Adrian",670970,2025,26,286,263,49,41,5,1,2,70,17,24.5,5.9,".186",".236",".235","0.471","0.050",".245","13","6","2.08","199",".310",".208",".254",".089","72",25.5,"85.9",30.2,4,30.7,"73.965707188","92.96996724",23.8,48,54.3,19.6,"3.2","24.6","6.6",,"61.8","3.3",,,,,,"68.3","25.1"
"Falter, Bailey",663559,2025,28,518,464,115,68,27,1,19,81,46,15.6,8.9,".248",".433",".315","0.748","0.185",".261","7","7","4.45","390",".462",".324",".340",".199","71.5",24,"90.5",32.3,9.5,45.1,"79.793242435","94.949158316",18.1,47,36.2,29,"50.8","18",,"13.6","9.8",,"7.7",,,,,"60.6","31.6"
"Kremer, Dean",665152,2025,29,708,656,163,106,32,3,22,142,45,20.1,6.4,".248",".407",".297","0.704","0.159",".284","11","10","4.19","518",".413",".305",".304",".175","71.7",25.6,"88.1",32.8,8.5,35.8,"76.650646047","93.877241465",22.9,49.4,40.2,28.4,"26.6","0.1",,"12.8","19.3","20.2","21.1",,,,,"66","12.9"
"Meyer, Max",676974,2025,26,285,261,72,48,12,0,12,68,20,23.9,7,".276",".460",".330","0.790","0.184",".328","3","5","4.73","195",".453",".341",".337",".191","72.7",31.7,"91.9",30.3,9.2,48.2,"81.961734227","95.684813731",27.4,47.4,49.7,24.6,"22.2","35.3","17.3",,"13.7",,,"11.5",,,,"35.9","46.8"
"Newcomb, Sean",656794,2025,32,391,350,94,73,16,0,5,91,31,23.3,7.9,".269",".357",".335","0.692","0.088",".348","2","5","2.73","263",".374",".306",".306",".125","71.5",21.2,"88.9",33.8,5.7,41.8,"77.812871395","94.200995837",21.4,46.2,47.5,21.7,"29.7",,"6.9","5.4","21.9","13.7",,,"22.4",,,"65.3","27.7"
"Megill, Tylor",656731,2025,29,305,261,60,43,10,1,6,89,33,29.2,10.8,".230",".345",".329","0.674","0.115",".320","5","5","3.95","176",".347",".303",".306",".128","71.6",25.7,"90.3",30.1,6.3,43.8,"79.63753","95.034338421",30.7,44.9,40.9,23.9,"42.3","22.9","7.2","7","19.5",,,"1.1",,,,"61.8","31"
"Myers, Tobias",668964,2025,26,220,201,54,39,9,1,5,38,15,17.3,6.8,".269",".398",".323","0.721","0.129",".306","1","2","3.55","165",".430",".315",".324",".167","71.8",24.3,"90.3",32.7,6.7,44.8,"80.333098049","94.68101638",21.4,51,37,27.9,"45.2","16.2","1.5","1.5",,"20.1","15.6",,,,,"65.3","17.7"
"Akin, Keegan",669211,2025,30,268,232,54,35,9,0,10,59,33,22,12.3,".233",".401",".328","0.729","0.168",".267","5","4","3.41","175",".440",".318",".333",".201","71.1",19.4,"89.4",36.6,9.7,41.7,"78.311395747","94.332622312",25.6,51.2,38.3,32.6,"51.3","28.7","19.9",,,,,,,,,"51.3","28.7"
"Burke, Brock",656271,2025,28,257,228,58,40,7,3,8,52,18,20.2,7,".254",".417",".311","0.728","0.163",".289","7","1","3.36","184",".394",".308",".303",".144","71.7",23.9,"89",31,7.1,40.8,"77.039255402","94.832949483",23.4,52.4,53.3,24.5,"42.4","27.6","22",,"8",,,,,,,"50.4","27.6"
"Strider, Spencer",675911,2025,26,539,475,124,74,29,1,20,131,51,24.3,9.5,".261",".453",".340","0.793","0.192",".317","7","14","4.45","349",".455",".344",".341",".202","71.6",23,"91.3",39.5,10.6,42.7,"81.059995116","95.310076308",30.6,47.6,37.5,31.5,"51.2","35.3","4.6","8.9",,,,,,,,"51.2","44.2"
"Giolito, Lucas",608337,2025,30,613,547,131,91,22,1,17,121,56,19.7,9.1,".239",".377",".309","0.686","0.138",".275","10","4","3.41","434",".465",".301",".345",".200","72",27.8,"90.3",38.3,9,41.1,"79.599269676","94.777289536",22.9,47.3,39.5,27,"48.4","25.6","22.6","3.5",,,,,,,,"48.4","29.1"
"Gómez, Yoendrys",672782,2025,25,277,243,60,38,9,1,12,58,27,20.9,9.7,".247",".440",".330","0.770","0.193",".274","3","3","5.17","187",".467",".335",".347",".218","71.8",24.5,"89.4",36.9,12.3,37.4,"79.100776559","94.185554595",23.9,47.1,36.9,33.2,"33.5","1.4","7.6","14.4","19.3","6.8",,"17",,,,"59.6","32.8"
"Alcantara, Sandy",645261,2025,29,745,669,165,104,39,0,22,142,57,19.1,7.7,".247",".404",".310","0.714","0.157",".278","11","12","5.36","536",".437",".311",".332",".175","72.3",28.1,"90.7",33,8.6,45,"80.162512584","95.038047336",20.9,49.5,46.6,24.1,"17.1","17.1","23.2",,"25.9","16.7",,,,,,"59.7","17.1"
"Webb, Logan",657277,2025,28,856,795,210,144,49,3,14,224,46,26.2,5.4,".264",".386",".308","0.694","0.122",".349","15","11","3.22","579",".385",".303",".295",".138","71.9",26.5,"89.7",32.8,8.3,40.2,"78.364554789","94.732224965",24.7,46.2,54.2,16.9,"7.9",,"24.1",,"33.6","7.8",,"26.6",,,,"49.3","26.6"
"Senga, Kodai",673540,2025,32,482,420,94,52,24,6,12,109,55,22.6,11.4,".224",".395",".317","0.712","0.171",".272","7","6","3.02","315",".373",".313",".309",".148","71.8",25.8,"88.9",29.7,8,40.6,"77.128245355","94.410346065",27.4,45.5,47.6,25.2,"31.4","4.1",,"1.7","6","20.5",,"7.8",,"28.5",,"57.9","13.6"
"Ashby, Aaron",676879,2025,27,270,238,54,42,7,2,3,76,24,28.1,8.9,".227",".311",".307","0.618","0.084",".319","5","2","2.16","165",".302",".279",".276",".082","71.3",17.8,"89.2",29.1,3,40,"78.12069625","94.376961125",27,42,62.4,13.9,"2.3","8.1","11.8","26.4","51.3",,,,,,,"53.6","34.6"
"Peterson, David",656849,2025,29,723,643,166,118,35,2,11,150,65,20.7,9,".258",".370",".331","0.701","0.112",".320","9","6","4.22","500",".407",".311",".331",".137","72.2",27.3,"90.6",34.4,6.4,46,"79.61366252","95.237705996",24,46.8,55.4,16,"22.3","19.1","15.3","13.7","29.6",,,,,,,"51.9","32.8"
"Manaea, Sean",640455,2025,33,263,241,62,37,11,1,13,75,12,28.5,4.6,".257",".473",".310","0.783","0.216",".318","2","4","5.64","169",".422",".337",".311",".182","71.5",21,"89.8",39.6,8.9,42.6,"78.665863012","94.746596121",26.8,52.4,37.9,24.9,"60.5",,"5.6",,,,,"33.9",,,,"60.5","33.9"
"Olson, Reese",681857,2025,25,285,254,58,41,12,0,5,65,25,22.8,8.8,".228",".335",".310","0.645","0.107",".288","4","4","3.15","190",".391",".287",".313",".147","71.1",21.1,"91.5",36.8,7.4,44.7,"81.731139149","95.248943138",29.7,44.4,43.2,28.4,"18.4","21.6","25.9","5.5","28.2",,,"0.4",,,,"46.6","27.5"
"Rea, Colin",607067,2025,34,662,601,155,104,29,2,20,127,44,19.2,6.6,".258",".413",".312","0.725","0.155",".293","11","7","3.95","485",".438",".314",".329",".177","71.8",24.3,"89.8",38.8,10.3,41,"79.312181125","94.443682505",22,47.6,40,24.3,"41.5","10",,"9.2","10.6","7.3","12.1","9.3",,,,"59.4","28.5"
"Fairbanks, Pete",664126,2025,31,244,224,45,27,10,1,7,59,18,24.2,7.4,".201",".348",".263","0.611","0.147",".241","4","5","2.83","166",".339",".269",".275",".119","71.7",23.6,"90.2",28.9,4.8,42.8,"80.555249878","94.165084049",26.1,50.6,45.8,24.7,"51.1","39.9","4.9",,,"4.2",,,,,,"55.2","39.9"
"Dobbins, Hunter",690928,2025,25,256,237,61,40,14,1,6,45,17,17.6,6.6,".257",".401",".313","0.714","0.144",".296","4","1","4.13","192",".416",".310",".309",".174","71.2",19.2,"89.3",31.8,6.8,41.7,"77.906045053","94.643822789",21.9,46.5,48.4,19.8,"40.5","27.1",,"12","1.4",,"8.7","10.3",,,,"41.9","49.4"
"Topa, Justin",623437,2025,34,268,242,68,49,17,0,2,49,18,18.3,6.7,".281",".376",".338","0.714","0.095",".342","1","5","3.90","197",".400",".311",".325",".119","71.7",23.1,"89.3",35,5.6,44.7,"77.581281959","94.832875722",18.1,47.2,47.7,17.8,,,"15",,"35.6","20",,"29.3",,,,"55.7","29.3"
"Mejia, Juan",675848,2025,24,261,226,52,31,13,2,6,68,25,26.1,9.6,".230",".385",".319","0.704","0.155",".297","2","2","3.96","162",".297",".309",".270",".098","70.8",17,"85.8",34,4.9,34.6,"72.991299231","93.351381346",30.4,48,38.9,27.2,"67.1","32.8","0.1",,,,,,,,,"67.1","32.8"
"Finnegan, Kyle",640448,2025,33,229,204,45,30,8,3,4,55,18,24,7.9,".221",".348",".283","0.631","0.127",".277","4","4","3.47","154",".338",".273",".278",".112","72.4",27.1,"90.4",32.5,7.8,42.9,"80.162518158","94.625118344",24.6,50,49.4,22.7,"58.3","4.6",,,,,"37.1",,,,,"58.3","4.6"
"Cecconi, Slade",677944,2025,26,545,506,125,72,27,2,24,109,32,20,5.9,".247",".451",".294","0.745","0.204",".269","7","7","4.30","401",".490",".319",".343",".222","71.3",20,"91.7",37.2,12.2,49.1,"81.626558543","95.530064534",22.5,46.5,41.4,28.2,"43.6","18.2","7.5","16.5","11","3.1",,"0.2",,,,"57.6","34.9"
"Henriquez, Ronny",678692,2025,25,303,267,53,33,12,0,8,98,27,32.3,8.9,".199",".333",".278","0.611","0.134",".273","7","1","2.22","174",".350",".269",".270",".168","71.8",25.2,"88.3",33.9,10.9,42.5,"76.803106744","94.152020702",36,49.4,40.8,33.9,"29.7","23.3","16.6",,"2.1",,,"28.3",,,,"31.8","51.6"
"Quintana, Jose",500779,2025,36,556,497,120,86,16,0,18,89,50,16,9,".241",".382",".315","0.697","0.141",".260","11","7","3.96","412",".463",".308",".349",".193","72",25.2,"88.7",35,9.7,41.7,"77.284315171","94.323604352",18.4,43.2,42.7,27.2,"11.7",,"22.2","13.7","43.8",,,,"8.6",,,"55.6","22.3"
"Gilbert, Logan",669302,2025,28,535,494,104,63,20,1,20,173,31,32.3,5.8,".211",".377",".266","0.643","0.166",".278","6","6","3.44","324",".367",".280",".275",".161","71.9",25,"90.8",32.1,8.6,41.7,"81.144057391","94.674260997",32.9,51.1,39.8,28.4,"36.7","35.3",,"7.5","1",,"19.6",,,,,"37.7","42.7"
"Dollander, Chase",801403,2025,23,441,381,103,70,14,1,18,82,49,18.6,11.1,".270",".454",".359","0.813","0.184",".298","2","12","6.52","304",".448",".354",".347",".199","71.3",20.3,"88.7",36.5,11.5,40.5,"77.237025033","94.268447185",22.9,47,42.4,27.3,"48.8",,"7.8","21.3","9.8","12.3",,,,,,"70.9","21.3"
"Sheehan, Emmet",686218,2025,25,291,265,49,30,10,2,7,89,22,30.6,7.6,".185",".317",".251","0.568","0.132",".246","6","3","2.82","178",".346",".251",".271",".143","71.7",20.4,"89.3",37.6,10.1,41.6,"78.513132472","94.324085281",32.9,50.4,33.7,29.8,"46.8","30.4","16.7","6.1",,,,,,,,"46.8","36.5"
"Varland, Louis",686973,2025,27,296,266,65,41,17,1,6,75,22,25.3,7.4,".244",".383",".304","0.687","0.139",".314","4","3","2.97","197",".395",".299",".311",".145","71.1",21.3,"90.2",33.5,9.1,43.7,"79.243662188","94.858925288",27.1,52.5,53.3,16.8,"45.3","7.1","4.6","37.4","5.5",,,,,,,"50.8","44.6"
"Hicks, Jordan",663855,2025,28,314,269,80,56,15,3,6,58,32,18.5,10.2,".297",".442",".387","0.829","0.145",".359","2","7","6.95","215",".382",".364",".331",".116","71.2",21.2,"90",31.6,4.7,45.6,"79.016019245","94.960133585",23.1,43.6,56.7,17.2,"9.3","7.2",,,"54.4",,"6","23.2",,,,"63.6","30.4"
"Banks, Tanner",621383,2025,33,267,250,56,39,6,2,9,61,12,22.8,4.5,".224",".372",".261","0.633","0.148",".260","6","2","3.07","193",".420",".273",".303",".168","71.2",19.7,"87.8",40.4,7.8,36.8,"76.441604574","93.663802872",21.9,50.1,38.9,26.9,"21.3","35.6","6.5",,"12.3",,,"24.3",,,,"33.6","59.9"
"Fluharty, Mason",689254,2025,23,215,187,36,22,8,0,6,56,24,26,11.2,".193",".332",".290","0.622","0.139",".238","5","2","4.44","133",".350",".271",".284",".145","71.4",21.3,"86.6",30.1,7.5,33.1,"74.875064242","93.20536855",31.9,46.3,42.1,30.1,,,,,"0.1","58.2",,"41.7",,,,"58.3","41.7"
"Burrows, Mike",681347,2025,25,402,362,88,62,11,2,13,97,31,24.1,7.7,".243",".392",".308","0.700","0.149",".293","2","4","3.94","269",".425",".305",".322",".178","72",25.2,"89.2",33.1,10.8,42,"77.441745","94.693836269",27,48.7,41.3,25.3,"39.2","19.5","23.7","11.9","5.7",,,,,,,"44.8","31.4"
"Walter, Brandon",687888,2025,28,212,204,46,27,8,1,10,52,4,24.5,1.9,".225",".422",".251","0.673","0.197",".254","1","3","3.35","153",".391",".288",".282",".154","72.2",27.9,"86.2",30.7,7.2,38.6,"73.587650789","93.449561854",24.6,50.5,44.4,26.8,"19.3",,"18.3",,"12.5","27.4",,"22.5",,,,"59.2","22.5"
"Vásquez, Randy",681190,2025,26,570,506,125,89,19,1,16,78,52,13.7,9.1,".247",".383",".323","0.706","0.136",".261","6","7","3.84","433",".481",".311",".354",".214","72.4",28.8,"89.1",34.2,10.9,39.3,"78.051658102","94.305900278",15.7,46.4,40.2,27.9,"21","2.1","6.9","12.8","19","24.9",,"13.1",,,,"65","28.1"
"Vasil, Mike",678024,2025,25,423,362,74,52,13,1,8,82,52,19.4,12.3,".204",".312",".318","0.630","0.108",".243","5","3","2.50","280",".368",".284",".312",".141","71.2",17,"89.3",30.4,7.1,38.2,"78.393725324","94.283436871",24,42.5,50.7,23.2,"14",,"12.2","12.3","39.9","5.5",,"16.1",,,,"59.4","28.4"
"Quantrill, Cal",615698,2025,30,513,472,136,79,29,6,22,85,35,16.6,6.8,".288",".515",".343","0.858","0.227",".311","4","12","6.04","388",".517",".367",".366",".236","72.4",29,"90.4",39.4,12.4,44.3,"79.666849581","94.980472992",20.2,46.7,34.3,30.9,"15","8.2","0.1","11.8","22.1","21.7","21.1",,,,,"58.8","20"
"Schwellenbach, Spencer",680885,2025,25,434,410,89,56,18,2,13,108,18,24.9,4.1,".217",".366",".252","0.618","0.149",".260","7","4","3.09","306",".396",".266",".294",".144","71.6",23.8,"88.8",34.3,7.5,41.5,"76.928233856","94.493622852",28.3,51.8,47.4,19.3,"35.3","18.1",,"11.4","10","11.3","13.9",,,,,"56.6","29.6"
"Ureña, José",570632,2025,33,245,217,57,33,15,1,8,34,23,13.9,9.4,".263",".452",".340","0.792","0.189",".278","0","1","4.58","185",".542",".342",".389",".251","72.7",31.7,"89.6",36.8,13,40,"78.45246044","94.656698297",19.8,48.2,37.3,25.4,"10.1","25.6","24.6",,"36.3",,"3.4",,,,,"46.4","25.6"
"Alexander, Jason",669920,2025,32,336,305,80,49,14,2,15,65,26,19.3,7.7,".262",".469",".324","0.793","0.207",".286","4","2","4.77","242",".444",".341",".339",".173","72.6",30.9,"89.8",35.1,8.3,45.9,"77.843607833","95.370083264",24.6,43.8,44.6,24.4,"10.1","0.2","32.7",,"40","1",,"16",,,,"51.1","16.1"
"Smith, Cade",671922,2025,26,300,274,55,29,21,1,4,104,19,34.7,6.3,".201",".328",".261","0.589","0.127",".304","8","5","2.93","173",".299",".255",".248",".098","71.1",21.5,"89.2",38.7,4,37,"79.068385465","93.893454593",34.3,52.3,36.4,27.2,"69.9",,,,,,"21.2","8.9",,,,"69.9","8.9"
"Kittredge, Andrew",552640,2025,35,208,194,41,26,6,2,7,64,11,30.8,5.3,".211",".371",".251","0.622","0.160",".272","4","3","3.40","133",".351",".266",".261",".141","72.4",29,"90.7",33.8,6.8,44.4,"79.979613939","95.016293969",29.8,53.3,49.6,25.6,"10.5","52.9",,,"35.7",,"0.9",,,,,"46.2","52.9"
"Boyle, Joe",671212,2025,25,226,195,43,25,12,0,6,58,28,25.7,12.4,".221",".374",".327","0.701","0.153",".282","1","4","4.67","137",".378",".312",".312",".160","72.5",29.8,"91.1",29.2,10.2,46,"80.542818261","95.211971825",29,43.9,44.5,28.5,"48.5","35.1",,,,,"16.3","0.1",,,,"48.5","35.2"
"Bednar, David",670280,2025,30,251,230,46,32,8,2,4,86,19,34.3,7.6,".200",".304",".263","0.567","0.104",".298","6","5","2.30","145",".339",".249",".264",".135","71.1",20,"89.2",35.9,9,42.1,"78.178668056","94.382782917",31.1,47.8,44.1,22.8,"44",,,"36.2",,,"19.7",,,,,"44","36.2"
"Gusto, Ryan",687473,2025,26,453,407,114,75,21,1,17,97,36,21.4,7.9,".280",".462",".343","0.805","0.182",".327","7","7","5.67","315",".446",".348",".331",".197","71.7",24.8,"90.6",32.1,9.5,45.7,"80.014421083","95.083939808",23.4,49.1,36.8,29.2,"43.7",,"9.5","14.9","10.6","11",,"10.2",,,,"65.3","25.2"
"King, Bryan",687911,2025,28,275,258,60,43,7,0,10,69,11,25.1,4,".233",".376",".273","0.649","0.143",".276","5","4","2.78","191",".358",".282",".274",".135","70.8",20.2,"88.4",33,5.8,36.1,"78.054802766","93.54020385",24.4,49.7,42.4,24.6,"62.7",,"1.5","0.2","5.3",,,"30.3",,,,"68","30.5"
"Holmes, Clay",605280,2025,32,708,622,150,110,25,1,14,129,66,18.2,9.3,".241",".352",".324","0.676","0.111",".281","12","8","3.53","499",".395",".302",".322",".150","72.1",27.5,"89.7",30.5,6.8,42.3,"78.369750081","94.822225709",22.1,44.8,55.9,18.2,"5.4","10.7","15.7",,"40.8","8.3",,"19",,,,"54.6","29.7"
"Scott, Tanner",656945,2025,30,237,213,54,34,7,2,11,60,17,25.3,7.2,".254",".460",".318","0.778","0.206",".299","1","4","4.74","156",".418",".332",".317",".172","72",27.5,"90.8",34,9,42.3,"80.965295065","94.584847386",29.5,55.9,39.7,26.3,"52.6","47.2",,,"0.2",,,,,,,"52.8","47.2"
"Lugo, Seth",607625,2025,35,611,546,133,82,23,1,27,125,55,20.5,9,".244",".438",".319","0.757","0.194",".268","8","7","4.15","425",".480",".329",".349",".224","72",24.7,"90.7",34.8,11.1,45.2,"80.328886381","94.977892339",20.6,43.9,39.3,27.5,"21.2","5.5","9.5","23","14.7","14","0.6","2","9.5",,,"49.8","40"
"Keller, Brad",641745,2025,29,276,247,45,37,4,0,4,75,22,27.2,8,".182",".247",".265","0.512","0.065",".244","4","2","2.07","173",".297",".238",".262",".100","71.1",20.3,"86.7",29.5,5.8,30.6,"75.762503605","92.819687251",26.9,45.1,56.6,17.3,"42.2","17.3","11.7",,"14.4",,,"14.5",,,,"56.6","31.7"
"Dreyer, Jack",676263,2025,26,307,276,56,36,14,2,4,74,24,24.1,7.8,".203",".312",".263","0.575","0.109",".257","3","2","2.95","209",".330",".247",".257",".130","72.5",30.3,"90.3",30.6,5.3,39.7,"81.020730198","94.032878366",26.7,51.4,39.2,28.7,"45.1","46.2",,"8.7",,,,,,,,"45.1","54.9"
"Armstrong, Shawn",542888,2025,34,284,254,40,25,8,2,5,74,20,26.1,7,".157",".264",".232","0.496","0.107",".196","4","3","2.31","184",".339",".224",".272",".137","72",26,"88",32.6,7.1,34.2,"77.669163587","93.240193661",24.4,47.6,35.9,33.7,"28.9",,,,"23.6","24.1",,"23.3","0.1",,,"76.6","23.4"
"Mahle, Tyler",641816,2025,30,346,316,69,51,12,1,5,66,29,19.1,8.4,".218",".310",".283","0.593","0.092",".260","6","4","2.18","251",".413",".265",".319",".160","71.8",24.6,"88.5",37.8,8,37.1,"77.65269832","93.80845964",23.2,49.9,38.6,26.7,"49.7","10",,,,"12.6","27.7",,,,,"62.3","10"
"Houser, Adrian",605288,2025,32,518,467,122,88,20,4,10,92,38,17.8,7.3,".261",".385",".325","0.710","0.124",".304","8","5","3.31","380",".388",".312",".312",".133","72.4",26.6,"90.2",30.3,6.1,47.6,"79.183997937","95.051249788",18.1,49.6,48.9,20.8,"11.7","15.4","15.3","11.7","45.9",,,,,,,"57.6","27.1"
"Gomber, Austin",596295,2025,31,272,252,82,46,18,2,16,34,17,12.5,6.3,".325",".603",".369","0.972","0.278",".325","0","7","7.49","220",".553",".411",".372",".274","72.9",32.7,"88.1",38.6,14.5,39.5,"76.183386514","94.163679539",15.9,49,34.5,37.3,"34","15.3","16.4","24.8","0.3","4.6","4.5",,,,,"38.9","40.1"
"Vargas, Carlos",672841,2025,25,331,297,81,58,12,1,10,54,23,16.3,6.9,".273",".421",".337","0.758","0.148",".302","5","5","3.97","247",".371",".327",".299",".124","70.9",18.8,"88.6",25.9,4.9,35.2,"77.933770083","93.844737137",18.9,48.7,57.1,20.2,"3.5","18.6","3",,"61.9","13",,,,,,"78.4","18.6"
"Fried, Max",608331,2025,31,801,737,164,117,26,7,14,189,51,23.6,6.4,".223",".334",".281","0.615","0.111",".280","19","5","2.86","551",".358",".272",".287",".125","71.9",24.4,"87.2",29.6,6.9,37.2,"74.884362841","93.857707638",26.6,46.9,52.6,21.2,"12.2","1.7","10.9","17.3","17.7","28.6",,"11.6",,,,"58.5","30.6"
"Skubal, Tarik",669373,2025,28,748,706,141,95,26,2,18,241,33,32.2,4.4,".200",".319",".240","0.559","0.119",".274","13","6","2.21","469",".344",".245",".258",".138","71.2",21,"86.1",35.6,8.1,33,"73.770997639","93.244404688",32.5,54.8,41.6,27.3,"29.3","12.5","31.4","2.8","23.9",,"0.1",,,,,"53.2","15.3"
"Patrick, Chad",694477,2025,26,503,455,113,76,24,0,13,127,40,25.2,8,".248",".387",".313","0.700","0.139",".315","3","8","3.53","332",".395",".307",".306",".156","71.5",20.8,"89.4",40.1,8.1,42.2,"78.480281585","94.369077591",23.5,50.1,31.9,28.9,"22.2","5.3","6.7",,"23","41.2",,,"1.6",,,"86.5","6.9"
"Muñoz, Andrés",662253,2025,26,254,216,36,28,6,0,2,83,28,32.7,11,".167",".222",".271","0.493","0.055",".254","3","3","1.73","138",".293",".228",".263",".099","70.5",16.1,"86.9",31.9,6.5,39.9,"74.409228529","93.885968074",36.5,47.1,51.4,21.7,"35","50.4","2.1",,"12.5",,,,,,,"47.4","50.4"
"Herget, Jimmy",623474,2025,31,347,309,72,50,15,1,6,81,26,23.3,7.5,".233",".346",".303","0.649","0.113",".292","1","2","2.48","233",".353",".287",".284",".136","71.6",22.7,"88.7",35.2,7.3,39.1,"77.89855931","93.881776234",26.9,46.6,35.2,28.8,"7.5","28.2","5.5","0.2","27.8",,,"30.8",,,,"35.3","59.2"
"Pérez, Eury",691587,2025,22,385,349,68,37,17,2,12,105,32,27.3,8.3,".195",".358",".268","0.626","0.163",".240","7","6","4.25","245",".366",".275",".281",".163","71.9",24.9,"90.5",31.8,9,46.5,"79.803726066","95.063994016",28.4,50.3,31.4,37.1,"51.3","21.9","7.8","9.2","1","1",,"7.8",,,,"53.3","38.9"
"Martin, Davis",663436,2025,28,601,541,136,84,29,3,20,104,48,17.3,8,".251",".427",".317","0.744","0.176",".275","7","10","4.10","442",".466",".322",".347",".193","72.3",27,"90.7",36,9.7,44.6,"79.461212182","95.394861477",21.6,49.4,45.9,26.7,"32.7","21.5","24.4","4.8","10.5","1.8",,"4.2",,,,"45","30.6"
"Suter, Brent",608718,2025,35,291,269,69,47,10,1,11,53,18,18.2,6.2,".257",".424",".307","0.731","0.167",".282","1","2","4.52","218",".425",".316",".314",".175","71",18.5,"85.8",33.9,7.8,32.9,"73.570382885","93.10736599",21.4,48,45.4,28.9,"42.2","12.2","22.5",,"23.1",,,,,,,"65.3","12.2"
"Senzatela, Antonio",622608,2025,30,618,554,192,128,39,3,22,73,47,11.8,7.6,".347",".547",".402","0.949","0.200",".366","4","15","6.65","489",".545",".406",".395",".225","71.3",23.2,"90.9",36.4,9.2,46,"79.952632708","95.433018917",18.1,46.7,44.4,24.5,"57.6","19.3","7.4","14.8","0.9",,,,,,,"58.5","34.1"
"Jax, Griffin",643377,2025,30,283,257,64,44,12,1,7,99,21,35,7.4,".249",".385",".307","0.692","0.136",".375","1","7","4.23","161",".359",".299",".282",".131","71.6",25.1,"89.2",38.5,9.3,44.1,"77.109701392","94.907304747",37.3,50.6,46.6,20.5,"17.7",,"22.3","0.2","11.7","4",,"44",,,,"33.5","44.2"
"Matthews, Zebby",805673,2025,25,354,323,94,67,15,0,12,88,24,24.9,6.8,".291",".449",".335","0.784","0.158",".360","5","6","5.56","242",".447",".338",".333",".183","71.8",24.8,"89.2",44.2,9.9,38.8,"78.10472475","94.382515292",27.5,51.1,33.1,30.6,"41.2","24.9","10.6","5.8","4.3","13.2",,,,,,"58.7","30.7"
"Morton, Charlie",450203,2025,41,654,557,152,95,31,3,23,149,72,22.8,11,".273",".463",".367","0.830","0.190",".330","9","11","5.83","417",".409",".360",".333",".163","72.2",26,"91.2",33.3,8.6,43.6,"81.394967087","94.941118471",27.9,46.8,44.4,24.9,"27.6",,"9.9","38.3","15.1","9",,,,,,"51.8","38.3"
"Bido, Osvaldo",674370,2025,29,363,313,93,57,16,1,19,68,35,18.7,9.6,".297",".537",".370","0.907","0.240",".316","2","5","5.87","254",".487",".384",".354",".235","72",23.9,"90.4",33.1,11.8,40.9,"80.021885079","94.687870913",25,49.5,30.7,37.4,"38","29.8","10.6",,"14.8","6.8",,,,,,"59.6","29.8"
"Strahm, Matt",621381,2025,33,256,226,47,29,11,2,5,70,20,27.3,7.8,".208",".341",".273","0.614","0.133",".269","2","3","2.74","164",".330",".267",".261",".133","71.5",24.1,"89.4",33.5,4.3,38.4,"79.689007051","93.789260192",23.8,52.4,23.8,36,"37.6","31.9","0.6",,"15.3","14.6",,,,,,"67.5","31.9"
"Williams, Devin",642207,2025,30,259,228,45,28,11,1,5,90,25,34.7,9.7,".197",".320",".287","0.607","0.123",".299","4","6","4.79","140",".315",".271",".272",".122","72",25.8,"89.5",32.1,9.3,35.7,"79.328970286","94.280628201",37.7,50,45,25.7,"47.4",,"52.4",,,"0.2",,,,,,"47.6",
"Doval, Camilo",666808,2025,27,278,238,51,38,9,0,4,72,35,25.9,12.6,".214",".303",".321","0.624","0.089",".288","4","3","3.58","168",".330",".285",".297",".111","71.6",21.4,"88.6",28.6,6,40.5,"76.738153614","94.494643916",28.4,47.3,53.6,19,,"48",,,"12.2","39.8",,,,,,"52","48"
"Woods Richardson, Simeon",680573,2025,24,471,418,96,62,16,1,17,107,46,22.7,9.8,".230",".395",".308","0.703","0.165",".265","7","4","4.04","315",".402",".308",".304",".188","72.1",26.9,"90.2",34,11.4,41.6,"80.370681656","94.323096369",24.1,48,33.3,34.9,"45.6","27.2","4.3","13",,,"10",,,,,"45.6","40.2"
"Whitlock, Garrett",676477,2025,29,293,262,54,44,8,0,2,91,24,31.1,8.2,".206",".260",".283","0.543","0.054",".304","7","3","2.25","173",".311",".247",".262",".111","71.5",22,"88.5",35.3,8.7,36.4,"77.149183678","94.074555491",32.8,53,45.7,23.7,,"30.9","20.8",,"47.1",,,"1.1",,,,"47.1","32"
"Walker, Taijuan",592836,2025,32,538,489,132,90,20,1,21,86,42,16,7.8,".270",".444",".331","0.775","0.174",".289","5","8","4.08","406",".439",".337",".330",".181","72.4",27.2,"89.6",32.3,7.4,41.4,"79.174652736","94.265534938",18.5,45.1,44.8,24.6,"9.5","11.3",,"6.5","20.2","30.1","22.5",,,,,"59.8","17.7"
"Lopez, Jacob",682052,2025,27,399,352,81,51,14,1,15,113,37,28.3,9.3,".230",".403",".317","0.720","0.173",".295","7","7","4.08","241",".370",".317",".297",".159","71.6",23,"86.9",39,6.6,33.2,"75.241919153","93.259499619",28.3,45.6,28.6,33.6,"35.2","30.6","13.4",,"6.2","14.6",,,,,,"56","30.6"
"Francis, Bowden",670102,2025,29,288,251,71,46,5,1,19,54,27,18.8,9.4,".283",".538",".361","0.899","0.255",".286","2","8","6.05","201",".501",".382",".373",".220","72.1",26.2,"91.6",34.3,12.4,52.2,"81.0541193","95.7876814",23.3,46.7,33.8,30.8,"56","5.8",,"14","1.8",,"22.4",,,,,"57.8","19.8"
"Iglesias, Raisel",628452,2025,35,267,247,51,31,12,0,8,73,17,27.3,6.4,".206",".352",".262","0.614","0.146",".257","4","6","3.21","175",".376",".266",".277",".164","71.8",24.5,"89",38.9,8.6,34.9,"79.082887209","93.587533547",30.9,51.8,32,33.1,"40.4","9.9","28.1",,"21.7",,,,,,,"62","9.9"
"Garcia, Robert",676395,2025,29,269,242,58,42,8,0,8,68,22,25.3,8.2,".240",".372",".305","0.677","0.132",".299","4","8","2.95","178",".400",".295",".304",".165","72.1",24.1,"88.6",38.2,7.9,34.3,"77.653895909","93.978746286",28.6,51,39.9,32,"44.9","26.9","28.3",,,,,,,,,"44.9","26.9"
"Rodón, Carlos",607074,2025,32,789,701,132,83,27,0,22,203,73,25.7,9.3,".188",".321",".272","0.593","0.133",".230","18","9","3.09","504",".351",".266",".286",".145","72.5",29.6,"88.6",32.3,7.5,38.9,"77.269631895","94.179910283",30.3,45.5,44,27.6,"41.8","28.4","16.2","3.8","9.7","0.2",,,,,,"51.6","32.2"
"Fedde, Erick",607200,2025,32,623,546,147,94,32,2,19,83,67,13.3,10.8,".269",".440",".351","0.791","0.171",".286","4","13","5.49","470",".461",".344",".355",".186","72",26.2,"90.2",35.3,7.9,42.6,"80.198985764","94.366291335",18,44.7,42.1,26.6,"0.9",,"11.9",,"33.3","28",,"26",,,,"62.2","26"
"Smith, Shane",681343,2025,25,616,542,117,74,23,3,17,145,58,23.5,9.4,".216",".363",".305","0.668","0.147",".262","7","8","3.81","401",".383",".296",".310",".154","71.8",23.5,"90.3",35.4,6.7,45.4,"79.548236111","94.983409519",27.7,48.3,41.1,27.9,"45","11.1","16.8","14.6","12.4",,,"0.1",,,,"57.4","25.8"
"Abreu, Bryan",650556,2025,28,296,260,51,38,9,0,4,105,31,35.5,10.5,".196",".277",".291","0.568","0.081",".309","3","4","2.28","156",".338",".261",".289",".127","72.1",27,"90.6",35.9,8.3,45.5,"80.43213961","94.823645752",41.2,46.2,35.9,24.4,"50","48.4","0.4",,"1.2",,,,,,,"51.1","48.4"
"Beck, Tristan",663941,2025,29,232,211,47,30,8,2,7,41,16,17.7,6.9,".223",".379",".280","0.659","0.156",".241","1","0","4.61","173",".429",".286",".326",".169","72.1",26.2,"90.1",34.7,8.7,38.2,"80.599342326","94.12311386",22.9,49.1,42.2,25.4,"33","21.3",,"17.3",,,,"28.4",,,,"33","67"
"Rodríguez, Yariel",684320,2025,28,298,255,50,34,7,1,8,66,34,22.1,11.4,".196",".325",".304","0.629","0.129",".231","3","2","3.08","192",".385",".281",".317",".158","71.4",22,"86.4",39.6,9.4,35.9,"74.039525263","93.477406085",27.5,45.6,40.6,25,"40.8","41.3",,,"6",,"11.9",,,,,"46.8","41.3"
"Ginn, J.T.",669372,2025,26,392,354,92,53,20,2,17,99,31,25.3,7.9,".260",".472",".329","0.801","0.212",".314","4","7","5.08","256",".388",".344",".301",".161","72.6",29,"88.4",26.2,9.8,44.5,"75.355279219","94.914220549",28.7,42.9,52.3,20.7,"0.1","25.8","9.4",,"51.4","13.3",,,,,,"64.8","25.8"
"Brazobán, Huascar",623211,2025,35,262,225,51,37,7,1,6,57,27,21.8,10.3,".227",".347",".315","0.662","0.120",".271","5","2","3.57","174",".362",".294",".309",".137","72.3",27.4,"87.1",28.7,8,34.5,"75.598611294","93.356656824",23.9,48.4,51.7,25.9,"12",,"38.1",,"37.3","12.7",,,,,,"61.9",
"Sands, Cole",663485,2025,27,299,269,65,42,13,3,7,64,19,21.4,6.4,".242",".390",".297","0.687","0.148",".287","4","6","4.50","212",".404",".296",".306",".169","71.7",23,"89.4",32.1,9.9,41.5,"78.396383942","94.410445845",22.2,48.5,43.9,25.9,"26.6","0.3",,"18.6","9","23.8","21.6",,,,,"59.4","19"
"Santana, Dennis",642701,2025,29,270,246,44,28,8,3,5,60,17,22.2,6.3,".179",".297",".237","0.534","0.118",".211","4","5","2.18","190",".403",".236",".292",".186","72.3",26.9,"88.9",33.2,10.5,37.4,"78.453035158","93.826098995",27.3,51.6,38.9,34.2,"28.6","46.5","6.1",,"8.5","10.3",,,,,,"47.4","46.5"
"deGrom, Jacob",594798,2025,37,669,624,122,76,19,1,26,185,37,27.7,5.5,".196",".354",".242","0.596","0.158",".230","12","8","2.97","444",".391",".259",".286",".170","71.9",24,"90.1",33.1,9.2,41.9,"79.671198045","94.499823864",30.2,51.7,38.1,33.1,"46","37.6","11.3","5.1",,,,,,,,"46","42.7"
"Barlow, Scott",605130,2025,32,303,250,50,33,8,1,8,75,45,24.8,14.9,".200",".336",".333","0.669","0.136",".249","6","3","4.21","177",".365",".301",".323",".138","71.6",24.1,"86.2",32.2,7.3,30.5,"74.790501818","92.875805543",30.8,41.3,44.1,25.4,"21.3","19","0.1","16.4","14.7",,,"28.5",,,,"36","63.9"
"Severino, Luis",622663,2025,31,705,630,162,111,35,0,16,124,50,17.6,7.1,".257",".389",".324","0.713","0.132",".294","8","11","4.54","515",".416",".313",".331",".149","71.5",21.9,"88.3",35.3,6,41.9,"75.840911693","94.478741811",18.3,47.3,41.9,23.7,"28","4","5.4",,"20.2","17.6",,"24.8",,,,"65.8","28.8"
"Soriano, José",667755,2025,26,724,634,158,117,28,1,12,152,78,21,10.8,".249",".353",".335","0.688","0.104",".309","10","11","4.26","488",".367",".309",".312",".125","72.3",29.1,"91.4",26.8,7.2,48.2,"79.974239247","95.946385146",27,44.8,66,12.1,"8.6","6","0.4","26.7","49.1",,"9.2",,,,,"57.7","32.7"
"Lee, Dylan",669276,2025,30,266,249,53,33,7,0,13,76,14,28.6,5.3,".213",".398",".254","0.652","0.185",".248","2","4","3.29","176",".376",".279",".268",".174","72.4",28.7,"87.6",32.4,10.2,33.5,"76.725843529","93.327081775",33.6,51.5,38.6,33,"31.2","55.5","13.2",,,,,,,,,"31.2","55.5"
"Adam, Jason",592094,2025,33,270,238,50,41,5,0,4,70,25,25.9,9.3,".210",".282",".291","0.573","0.072",".277","8","4","1.93","171",".310",".256",".260",".114","71.9",21.8,"88.8",22.8,7,38,"78.701433176","93.56960574",33.3,48.9,43.9,30.4,"22.7","35.1","33.4",,,"0.3",,"8.5",,,,"23","43.6"
"Alcala, Jorge",660896,2025,29,257,221,66,36,17,0,13,61,30,23.7,11.7,".299",".552",".379","0.931","0.253",".351","0","2","6.22","165",".428",".393",".327",".192","71.2",23.6,"88.8",33.9,10.9,37.6,"77.521894444","94.258767654",25.7,47.4,34.5,32.1,"46.4","15.4","1.9","23.3","13",,,,,,,"59.5","38.7"
"Clarke, Taylor",664199,2025,32,206,196,38,23,6,1,8,44,9,21.4,4.4,".194",".357",".233","0.590","0.163",".208","1","1","3.25","152",".416",".256",".298",".177","71.9",24.6,"89.3",29.6,7.9,40.8,"78.566884605","94.198920397",23.3,47.6,44.1,25,"21.8","39.8","20.3",,"18",,,,,,,"39.9","39.8"
"Johnson, Pierce",572955,2025,34,238,215,52,35,8,1,8,59,19,24.8,8,".242",".400",".303","0.703","0.158",".291","3","3","3.05","159",".395",".302",".297",".167","71.5",21.2,"90.4",37.7,8.8,42.8,"80.649012025","94.362369045",26.2,44.2,34.6,31.4,"23",,,"72.1",,"4.9",,,,,,"27.9","72.1"
"Cannon, Jonathan",686563,2025,24,466,417,116,68,25,4,19,86,38,18.5,8.2,".278",".494",".344","0.838","0.216",".307","4","10","5.82","335",".485",".358",".354",".214","72",24.2,"90.3",37.3,10.7,45.4,"79.404566446","94.921395663",21.4,48.4,37.6,30.1,"18.1","0.3","21.4",,"21.9","23.3",,"15",,,,"63.4","15.3"
"Bibee, Tanner",676440,2025,26,762,692,170,114,24,5,27,162,54,21.3,7.1,".246",".412",".308","0.720","0.166",".283","12","11","4.24","536",".386",".313",".297",".159","71.8",24.6,"88.5",29.5,8,36.6,"77.497463523","93.884607443",23.8,46.3,45.3,26.5,"27.9",,"15.2","5.1","15.2","20.7",,"16",,,,"63.7","21.1"
"Yamamoto, Yoshinobu",808967,2025,26,684,619,113,79,20,0,14,201,59,29.4,8.6,".183",".283",".257","0.540","0.100",".244","12","8","2.49","421",".305",".244",".259",".106","71.8",24.2,"88.3",28.3,5.7,39.7,"76.238509183","94.220626442",28.9,46.7,53.7,22.1,"35.2","2.8",,"17.6","7.8","11.2","25.5","0",,,,"54.1","20.4"
"Okert, Steven",595345,2025,33,276,248,45,31,8,0,6,84,19,30.4,6.9,".181",".286",".242","0.528","0.105",".241","3","2","3.01","171",".326",".233",".253",".141","71.5",21.8,"88.4",29.2,7,32.7,"78.437956506","93.270206747",32.8,51.3,25.7,36.8,"41.4","57.8","0.1",,,"0.7",,,,,,"42.1","57.8"
"Kirby, George",669923,2025,27,524,480,121,85,20,1,15,137,29,26.1,5.5,".252",".392",".300","0.692","0.140",".315","10","8","4.21","351",".399",".300",".306",".150","71.7",24.3,"90.6",35.3,8.5,43.9,"80.563014713","94.704687126",26.7,49,44.4,23.4,"28.8","28.2","2.1","11.3","26.8",,"2.8",,,,,"55.6","39.5"
"Lord, Brad",695418,2025,25,546,494,126,84,22,3,17,108,43,19.8,7.9,".255",".415",".317","0.732","0.160",".293","5","10","4.34","392",".437",".319",".335",".167","71.3",21.5,"88.5",34.4,7.1,41.8,"76.261947744","94.578532262",21.3,50,49,19.9,"48.5","20.2","13.1",,"18.1",,,"0.1",,,,"66.6","20.4"
"Miller, Mason",695243,2025,26,234,202,28,18,3,2,5,104,28,44.4,12,".139",".248",".246","0.494","0.109",".245","1","2","2.63","101",".279",".225",".249",".122","70.2",14.7,"87.9",36.6,9.9,37.6,"77.092263878","93.484907835",45.2,49.9,41.6,27.7,"52.2","45.6","2.3",,,,,,,,,"52.2","45.6"
"Stanek, Ryne",592773,2025,33,255,221,56,38,10,1,7,58,32,22.7,12.5,".253",".403",".345","0.748","0.150",".310","4","6","5.30","165",".411",".330",".327",".174","71.5",19.7,"90.3",37,10.9,43.6,"80.257948072","94.444661758",27.8,52.5,32.7,33.3,"57.1","21.7",,,,,"11.9","9.2",,,,"57.1","31"
"Henry, Cole",669371,2025,25,241,196,43,28,8,0,7,52,32,21.6,13.3,".219",".367",".358","0.725","0.148",".261","1","2","4.27","146",".366",".328",".327",".154","71.2",19.2,"88.8",31.5,7.5,37,"77.547687397","94.270835034",25.6,42.8,32.2,28.1,"50.6",,"2.8",,"10.1","3.6",,"32.9",,,,"64.3","32.9"
"Pepiot, Ryan",686752,2025,27,679,607,134,78,27,3,26,167,61,24.6,9,".221",".404",".297","0.701","0.183",".259","11","12","3.86","444",".401",".306",".311",".175","72.1",27.2,"90.1",36.6,9.7,42.5,"79.1526625","94.907501",26,50.1,38.7,29.7,"45","17.8","25.1","3.3","2.6","6.3",,,,,,"53.9","21.1"
"Schreiber, John",670167,2025,31,265,244,57,34,12,1,10,62,19,23.4,7.2,".234",".414",".292","0.706","0.180",".273","3","3","3.80","183",".416",".305",".311",".171","72",26.1,"88.5",35,9.3,38.3,"77.339312637","93.948012265",23.4,47.7,39.9,27.9,"31.6",,"2",,"19.4","18.7",,"28.3",,,,"69.7","28.3"
"Nelson, Ryne",669194,2025,27,619,572,124,73,25,9,17,132,41,21.3,6.6,".217",".381",".273","0.654","0.164",".252","7","3","3.39","442",".411",".284",".308",".166","71.4",22.1,"91.4",36.2,7.5,45.5,"81.990156636","94.984519659",21.6,50.4,40,28.1,"61.9","14.4","2.8","10.9",,"9.9",,,,,,"71.8","25.3"
"Banda, Anthony",607455,2025,31,269,229,45,26,10,1,8,61,35,22.7,13,".197",".354",".305","0.659","0.157",".227","5","1","3.18","171",".355",".285",".296",".148","71",20.5,"89.8",35.1,8.8,38.6,"80.008237647","93.888422308",27.2,47.7,39.8,35.7,"23.4","49.2","3.8",,"23.7",,,,,,,"47","49.2"
"Vesia, Alex",681911,2025,29,237,204,37,21,7,0,9,80,22,33.8,9.3,".181",".348",".272","0.620","0.167",".235","4","2","3.02","130",".346",".269",".274",".161","71.1",20.7,"88.5",38.5,10.8,37.7,"77.218813968","94.182131587",30.7,50.2,30.8,29.2,"57.5","36.4","6.2",,,,,,,,,"57.5","36.4"
"Mears, Nick",683232,2025,28,222,197,42,27,6,2,7,46,14,20.7,6.3,".213",".371",".258","0.629","0.158",".229","5","3","3.49","161",".466",".266",".325",".207","71.1",18.8,"90.4",39.8,10.6,42.9,"80.078215316","94.850952785",25,54.9,34.8,34.8,"53.5","42.4",,"4.1",,,,,,,,"53.5","46.5"
"Seymour, Ian",693855,2025,26,242,217,48,35,8,0,5,64,19,26.4,7.9,".221",".327",".290","0.617","0.106",".287","4","3","3.63","156",".384",".274",".308",".146","72.7",29.8,"88.7",39.7,7.1,37.8,"77.591748553","93.983770066",27,49.5,37.2,26.3,"31.8","2.2","31.6","1.6","5.4","21.6",,"5.8",,,,"58.8","9.6"
"Peralta, Freddy",642547,2025,29,723,643,124,80,23,0,21,204,66,28.2,9.1,".193",".327",".277","0.604","0.134",".246","17","6","2.70","444",".361",".270",".289",".155","71.5",22.8,"88",33.9,9.3,34.5,"76.986266955","93.5568435",30.1,46.9,37.5,28.9,"53.5","10.2","21.2","15.1",,,,,,,,"53.5","25.3"
"López, Pablo",641154,2025,29,312,285,64,44,13,1,6,73,20,23.4,6.4,".225",".340",".282","0.622","0.115",".278","5","4","2.74","215",".398",".274",".309",".149","71.5",22.8,"88.7",39.5,6,35.3,"77.770456355","93.87682108",25.9,48.5,38.6,27.4,"41.2",,"21.2","9.9","6.5",,,"21.2",,,,"47.7","31.1"
"Montero, Rafael",606160,2025,34,253,215,42,26,11,0,5,58,37,22.9,14.6,".195",".316",".312","0.628","0.121",".242","1","2","4.48","158",".328",".283",".295",".123","72.2",28.9,"88.3",25.3,7,38.6,"76.808366154","94.108485769",29.3,47.1,48.7,25.9,"40.6","7.5",,,"4.9",,"47",,,,,"45.5","7.5"
"Eisert, Brandon",685126,2025,27,306,272,75,41,20,2,12,74,25,24.2,8.2,".276",".496",".344","0.840","0.220",".333","3","8","4.39","202",".418",".353",".314",".181","71.6",21.8,"87.8",38.6,9.4,37.1,"76.389994545","93.646268426",32,46.8,40.1,30.7,"31.7","35.7","29.3",,"3.3",,,,,,,"35","35.7"
"Webb, Jacob",657097,2025,31,267,243,49,31,8,0,10,58,19,21.7,7.1,".202",".358",".264","0.622","0.156",".222","5","4","3.00","188",".365",".270",".281",".148","71.2",21.3,"86.6",30.9,5.9,34.6,"75.052885217","93.147000383",27.6,51.1,33.5,35.6,"44.5",,"34.7",,,,,"20.9",,,,"44.5","20.9"
"Kahnle, Tommy",592454,2025,35,267,235,51,33,8,2,8,50,31,18.7,11.6,".217",".370",".311","0.681","0.153",".243","1","5","4.43","185",".413",".302",".328",".169","71.8",23.8,"88.3",32.4,9.2,37.3,"77.436664348","93.764634946",25.4,43.7,47.6,23.2,"14","0.4","85.6",,,,,,,,,"14","0.4"
"Lodolo, Nick",666157,2025,27,642,592,138,92,23,1,22,156,31,24.3,4.8,".233",".387",".285","0.672","0.154",".279","9","8","3.33","442",".389",".293",".292",".161","71.6",22.3,"88.8",31,8.1,40.5,"77.560730837","94.23638627",27.5,50,44.6,27.1,"27.8",,"21.7","28.7","21.8",,,,,,,"49.6","28.7"
"Lynch IV, Daniel",663738,2025,28,289,254,66,46,12,0,8,45,26,15.6,9,".260",".402",".341","0.743","0.142",".287","6","2","3.06","212",".414",".327",".329",".162","71.6",20.9,"88.6",28.3,8,42.5,"76.90873625","94.451533462",22.3,42.9,49.1,25,"22.7","29.2","19.2","9.8","19",,,,,,,"41.7","39.1"
"Junk, Janson",676083,2025,29,447,421,112,74,29,1,8,77,13,17.2,2.9,".266",".397",".289","0.686","0.131",".302","6","4","4.17","353",".453",".295",".326",".176","72.4",27.5,"91.6",35.1,8.5,47.3,"81.205599371","95.649523095",18.2,52.5,41.4,24.9,"37.7","27.6","7.8","11.7",,,,"15.2",,,,"37.7","54.5"
"Faucher, Calvin",676534,2025,29,255,225,53,40,4,1,8,59,24,23.1,9.4,".236",".369",".314","0.683","0.133",".280","4","4","3.28","169",".387",".302",".323",".124","71.5",23.7,"87.7",37.3,4.7,34.3,"76.544550714","93.486938024",23.7,42.5,45,23.1,"17.5",,"0.1","15.1","12.2","37",,"18.1",,,,"66.7","33.2"
"Estévez, Carlos",608032,2025,32,269,241,48,31,11,1,5,54,22,20.1,8.2,".199",".315",".276","0.591","0.116",".235","4","5","2.45","189",".404",".255",".299",".176","72.2",29.5,"89.1",35.4,10.6,38.1,"78.515485957","93.934951649",19,49.4,25.4,30.2,"53.5","30.9","15.6",,,,,,,,,"53.5","30.9"
"Ferrer, Jose A.",678606,2025,25,324,294,81,62,12,2,5,71,16,21.9,4.9,".276",".381",".326","0.707","0.105",".345","4","4","4.48","230",".354",".310",".294",".102","71.2",18.8,"89.1",28.3,4.8,42.2,"77.190838991","94.646342064",24.8,49.8,64.3,13.9,"8.8","7.5","21.9",,"61.8",,,,,,,"70.6","7.5"
"Williams, Gavin",668909,2025,25,704,615,130,83,23,1,23,173,83,24.6,11.8,".211",".364",".307","0.671","0.153",".254","12","5","3.06","445",".405",".299",".321",".174","71.8",23.9,"90.4",35.3,9,44.3,"80.176453348","94.830091267",27.7,45.7,46.1,26.7,"37.4",,"0.1","22","6.6","14",,"19.9",,,,"58","41.9"
"Ferguson, Caleb",657571,2025,28,270,236,54,41,11,0,2,51,22,18.9,8.1,".229",".301",".307","0.608","0.072",".280","5","4","3.58","191",".330",".271",".291",".093","70.8",17.1,"84.8",35.6,3.1,27.7,"72.885195806","92.37738129",21.4,47.9,49.7,18.3,"31.2",,,,"23.6","23.4",,,"21.8",,,"78.2","21.8"
"Povich, Cade",700249,2025,25,488,439,125,84,20,4,17,118,43,24.2,8.8,".285",".465",".347","0.812","0.180",".351","3","8","5.21","326",".495",".349",".356",".226","72",25.5,"91.2",36.5,11.3,46.9,"80.827575802","95.396274334",24.2,44.9,42.3,26.4,"37.2",,"15.6","21.8","12.3","1.6",,"11.5",,,,"51.1","33.3"
"Beeks, Jalen",656222,2025,31,231,208,42,25,11,0,6,47,20,20.3,8.7,".202",".341",".277","0.618","0.139",".231","5","3","3.77","162",".398",".271",".306",".163","72.5",26.5,"88.5",29,10.5,39.5,"76.33152625","94.389777875",27.7,49.2,46.9,27.8,"52.4",,"37.7",,,"9.9",,,,,,"62.3",
"Darvish, Yu",506433,2025,38,296,269,66,36,15,1,14,68,19,23,6.4,".245",".465",".310","0.775","0.220",".278","5","5","5.38","203",".395",".334",".297",".177","72",26.6,"87.3",32.5,8.9,33,"76.396139307","93.193532836",23,47,40.4,28.6,"16.4","13.8","0.7","16.6","20.1","11.8","10.5","10.1",,,,"48.3","40.6"
"Bummer, Aaron",607481,2025,31,236,204,51,34,12,2,3,51,18,21.6,7.6,".250",".373",".339","0.712","0.123",".314","3","2","3.81","156",".372",".310",".318",".105","71",20.6,"89.7",33.3,3.2,39.1,"79.893937922","94.157028693",22.9,43.1,55.8,16,"12.4",,,"35.1","34.8","0.1",,"17.6",,,,"47.3","52.7"
"Gordon, Colton",676467,2025,26,379,352,103,58,23,1,21,72,19,19,5,".293",".543",".329","0.872","0.250",".312","6","4","5.34","286",".471",".367",".332",".205","72.4",28.6,"89",38.5,11.5,40.6,"77.823700284","94.21274",18,50.5,32.9,28.7,"41",,"7.9","10.2","10.8",,,"30.1",,,,"51.8","40.3"
"Freeland, Kyle",607536,2025,32,709,657,193,132,34,5,22,124,38,17.5,5.4,".294",".461",".335","0.796","0.167",".330","5","17","4.98","541",".473",".341",".342",".191","72.9",32.4,"91.1",36.8,9.4,47.3,"81.013744552","95.077603477",21,51.3,41.6,25.3,"33.4",,"5.9","26.1","6","15.6",,"12.9",,,,"55.1","39"
"Mikolas, Miles",571945,2025,36,669,622,169,94,42,4,29,100,37,14.9,5.5,".272",".492",".313","0.805","0.220",".281","8","11","4.84","529",".513",".342",".351",".241","71.9",24.2,"89.3",34,12.7,41.8,"77.808310802","94.601714237",16.5,48,40.8,30.8,"27.7","23.3","11.5","17.6","17",,,"2.9",,,,"44.7","43.8"
"Cease, Dylan",656302,2025,29,722,636,152,93,37,1,21,215,71,29.8,9.8,".239",".399",".318","0.717","0.160",".323","8","12","4.55","429",".359",".313",".290",".145","71.5",23.3,"88.9",36.6,8.6,37.5,"78.184355258","93.931109718",33.4,49.2,37.3,30.3,"42.1","40.8","1.2","8.3","3.9",,,"3.5",,,,"46.1","52.7"
"Leahy, Kyle",681517,2025,28,363,328,80,59,16,0,5,80,28,22,7.7,".244",".338",".300","0.638","0.094",".301","4","2","3.07","254",".417",".281",".326",".153","71.3",18.3,"89.1",37.4,9.8,44.1,"77.142256905","94.740171833",23.1,49.7,44.5,21.7,"30.2","21","9.6","18","7.5",,,"13.8",,,,"37.7","52.7"
"Ober, Bailey",641927,2025,29,624,579,159,92,37,0,30,120,31,19.2,5,".275",".494",".314","0.808","0.219",".296","6","9","5.10","468",".462",".344",".323",".214","72.1",25.4,"89.6",33.8,10.9,39.1,"78.771571293","94.459521595",24.1,51.7,30.6,34,"35.9","17.7","28.9","3.5","3.2",,,"10.7",,,,"39.1","32"
"Allen, Logan",671106,2025,26,676,600,157,108,31,0,18,122,62,18,9.2,".262",".403",".334","0.737","0.141",".299","8","11","4.25","486",".421",".323",".326",".174","72",25,"88.6",32.8,9.1,37.5,"77.201543485","94.148613721",20.6,44.3,45.6,23.5,"33.1","0.2","18.5",,"13.6","11.1",,"23.5",,,,"57.8","23.7"
"McCullers Jr., Lance",621121,2025,31,274,227,61,38,12,1,10,61,39,22.3,14.2,".269",".463",".392","0.855","0.194",".327","2","5","6.51","166",".428",".376",".353",".186","72.2",27.9,"90.5",33.7,11.4,50,"79.437344337","95.287341084",25.1,40,47.6,25.9,"5.4",,"17","16.4","24.7","4.5",,"32",,,,"34.6","48.4"
"Hoffman, Jeff",656546,2025,32,287,253,54,25,14,0,15,84,27,29.3,9.4,".213",".447",".298","0.745","0.234",".252","9","7","4.37","172",".409",".320",".301",".209","71.8",23.4,"89.3",31.4,12.8,39.5,"77.817843765","94.667665118",31.6,50.7,40.7,26.7,"37.4","29.9",,,"8.9",,"23.8",,,,,"46.3","29.9"
"Uceta, Edwin",670955,2025,27,321,282,62,38,11,2,11,103,27,32.1,8.4,".220",".390",".303","0.693","0.170",".298","10","3","3.79","183",".395",".300",".306",".176","72.7",30.7,"88.6",39.3,9.3,36.6,"76.979023222","94.165568324",35.6,53,32.8,34.4,"40.6",,"38.9",,"1.6","15.9",,"3",,,,"58.2","3"
"Priester, Quinn",682990,2025,24,653,593,145,91,34,2,18,132,50,20.2,7.7,".245",".400",".309","0.709","0.155",".285","13","3","3.32","465",".370",".310",".298",".133","72.2",26.3,"89",28.6,7.3,39.4,"78.202069039","94.11122105",24.5,46.2,55.7,19.1,,"26.9","1.5","9.3","41.7","20.6",,,,,,"62.3","36.2"
"Paddack, Chris",663978,2025,29,670,619,166,99,32,4,31,112,37,16.7,5.5,".268",".483",".308","0.791","0.215",".278","5","12","5.35","518",".488",".336",".344",".214","71.6",24,"90.7",35.9,10.2,45.6,"79.944242314","95.130759451",20.7,51.3,37.5,28.2,"43.2","2.3","23.5","11.9","5.2","13.9",,,,,,"62.3","14.1"
"Matz, Steven",571927,2025,34,309,293,73,49,13,3,8,59,11,19.1,3.6,".249",".396",".280","0.676","0.147",".285","5","2","3.05","237",".404",".291",".287",".171","71",20.3,"88.4",31.6,6.3,40.5,"76.773139914","94.236201645",18.8,48.6,47.7,21.5,,"1.6","18.2","21.8","58.4",,,,,,,"58.4","23.4"
"Scherzer, Max",453286,2025,40,358,332,87,47,21,0,19,82,23,22.9,6.4,".262",".497",".313","0.810","0.235",".293","5","5","5.19","251",".482",".346",".332",".237","72.6",29.3,"88.3",38.2,12.4,38.2,"76.999474683","94.042422948",23.6,50.1,27.5,37.1,"48.5","23.7","14","11.9",,"1.9",,,,,,"50.4","35.5"
"De Los Santos, Enyel",660853,2025,29,280,252,61,37,16,1,7,62,24,22.1,8.6,".242",".397",".312","0.709","0.155",".293","6","3","4.36","192",".413",".308",".316",".168","71.9",24.9,"87.6",38,8.9,40.1,"74.797166146","94.296939162",30,51.6,33.3,26.6,"48.9","35.9","15.2",,,,,,,,,"48.9","35.9"
"Gaddis, Hunter",683769,2025,27,274,248,58,39,9,2,8,73,21,26.6,7.7,".234",".383",".294","0.677","0.149",".296","2","2","3.11","179",".384",".293",".298",".157","71.4",20,"90.1",34.1,9.5,39.1,"79.689629318","94.667482443",32.2,50.9,37.4,30.7,"33.1","53.7","13.3",,,,,,,,,"33.1","53.7"
"Rodríguez, Randy",678495,2025,25,198,182,34,24,6,0,4,67,11,33.8,5.6,".187",".286",".247","0.533","0.099",".268","3","5","1.78","116",".308",".239",".251",".120","70.9",17.8,"87",27.6,7.8,36.2,"74.880712931","93.639142783",31.1,49.8,37.1,31,"55.4","44.6",,,,,,,,,,"55.4","44.6"
"Rogers, Tyler",643511,2025,34,299,288,66,54,7,1,4,48,7,16.1,2.3,".229",".302",".248","0.550","0.073",".261","4","6","1.98","242",".311",".241",".256",".065","70.7",16.5,"85.8",26,2.1,33.1,"73.504614202","93.082203445",15.9,54.6,61.6,12.8,,"25.5",,,"74.5",,,,,,,"74.5","25.5"
"Civale, Aaron",650644,2025,30,435,392,96,54,26,0,16,88,33,20.2,7.6,".245",".434",".313","0.747","0.189",".276","4","9","4.85","307",".423",".323",".314",".190","71.7",24.9,"88.5",34.9,9.8,39.1,"77.580307632","93.781385182",21.8,45.4,34.9,31.9,"15.5","7.7",,"18.9","16.8","35","5.8","0.3",,,,"67.3","27"
"Sale, Chris",519242,2025,36,510,463,102,72,15,4,11,165,32,32.4,6.3,".220",".341",".285","0.626","0.121",".315","7","5","2.58","302",".321",".278",".265",".115","70.9",19.1,"87.2",36.4,6.3,35.4,"75.455732933","93.5351905",30.1,48.9,40.1,30.8,"41.7","47.3","7.6",,"3.5",,,,,,,"45.2","47.3"
"Waldrep, Hurston",694462,2025,23,229,203,45,34,8,0,3,55,22,24,9.6,".222",".305",".306","0.611","0.083",".288","6","1","2.88","149",".359",".276",".310",".108","72.3",30.1,"89.1",32.2,4,40.3,"78.601525211","94.194874789",28.5,44.7,49.7,21.5,"2.3","11.6",,"13.1","18.8","21.8","32.4",,,,,"42.9","24.7"
"Ryan, Joe",657746,2025,29,689,633,138,80,32,0,26,194,39,28.2,5.7,".218",".392",".275","0.667","0.174",".269","13","10","3.42","444",".397",".290",".289",".188","72.2",28.6,"90.2",33.1,11.5,41.9,"79.815298733","94.608611131",26.1,49.7,36.9,32.2,"50.3","9.2",,"3.9","12.4",,"11.1","13.1",,,,"62.6","26.3"
"Hendricks, Kyle",543294,2025,35,695,638,167,102,37,3,25,114,43,16.4,6.2,".262",".447",".311","0.758","0.185",".281","8","10","4.76","533",".408",".324",".308",".162","72.2",27.8,"86.1",32.6,8.3,34.3,"73.673250302","93.310892792",18.3,48,39.2,28.9,"15",,"38.4","8.2","38.4",,,,,,,"53.4","8.2"
"Sugano, Tomoyuki",608372,2025,35,675,626,173,116,21,3,33,106,36,15.7,5.3,".276",".478",".321","0.799","0.202",".285","10","10","4.64","525",".524",".342",".366",".235","72.4",28.3,"90",38.5,11.8,39.8,"79.557564154","94.37679225",18.5,47,40.8,28.6,"18.9",,,"9.7","16.1","12","23.5","19.8",,,,"47","29.6"
"Koenig, Jared",657649,2025,31,268,241,57,39,11,1,6,68,20,25.4,7.5,".237",".365",".305","0.670","0.128",".304","6","1","2.86","176",".324",".294",".263",".126","71.4",21,"88.7",29.5,5.1,34.7,"78.564919655","93.512511561",22.9,43.9,46.6,33,"1.3",,"9.1","15.5","56.7","17.4",,,,,,"75.4","15.5"
"Burnes, Corbin",669203,2025,30,265,233,49,29,13,0,7,63,26,23.8,9.8,".210",".356",".297","0.653","0.146",".256","3","2","2.66","173",".385",".288",".306",".158","72.5",31.3,"89.5",33.5,8.1,41.6,"77.976536977","94.85857848",25.7,46.3,50.9,19.1,,"8.9","7.2","19.2","9.6","55",,,,,,"64.6","28.1"
"Maton, Phil",664208,2025,32,249,214,42,27,12,0,3,81,24,32.5,9.6,".196",".294",".296","0.590","0.098",".295","4","5","2.79","137",".282",".266",".264",".088","71",19,"84.8",38.7,3.6,30.7,"72.288009706","92.742270667",36.2,46.9,46,19.7,,,,"38.2","12.1","36",,"13.7",,,,"48.1","51.9"
"Anderson, Tyler",542881,2025,35,599,533,135,75,29,3,28,104,57,17.4,9.5,".253",".477",".326","0.803","0.224",".263","2","8","4.56","435",".480",".341",".345",".226","72.2",27.7,"88",41.8,11,36.6,"76.495283871","93.859851336",25,49,29.4,34.9,"38.1","3.5","34","0.3","3.6","20.5",,,,,,"62.3","3.7"
"Young, Brandon",687064,2025,26,256,230,67,38,17,0,12,47,22,18.4,8.6,".291",".522",".350","0.872","0.231",".318","1","7","6.24","187",".439",".372",".320",".198","71.9",26.5,"89.4",32.1,10.2,42.2,"78.202437717","94.69738663",21.6,48.2,44.9,28.9,"43.8","8.9","4.6","15.8",,"9.2","17.8",,,,,"52.9","24.7"
"Greene, Hunter",668881,2025,25,420,391,75,37,22,1,15,132,26,31.4,6.2,".192",".368",".246","0.614","0.176",".246","7","4","2.76","260",".373",".267",".273",".171","71.2",20,"90.4",35.8,9.6,45,"79.966168837","94.82207358",31.4,53.4,34.2,31.9,"54.2","35",,"0.1",,,"10.8",,,,,"54.2","35.1"
"Cano, Yennier",666974,2025,31,251,218,62,47,7,1,7,53,24,21.1,9.6,".284",".422",".360","0.782","0.138",".344","3","7","5.12","170",".351",".342",".299",".117","72.3",27.6,"88.1",27.1,4.7,35.3,"77.245823494","93.617649337",23.5,45.2,55.9,17.6,"11.5","20.2","12.5",,"45.8","2.8","7.2",,,,,"60.1","20.2"
"Junis, Jakob",596001,2025,32,274,249,64,46,11,2,5,55,18,20.1,6.6,".257",".378",".315","0.693","0.121",".309","4","1","2.97","197",".406",".301",".312",".150","71.7",21.9,"87.6",30.5,6.1,38.6,"75.668181771","93.920402813",22.7,44.5,42.1,25.9,"8.8","44.5","19.9",,"26.8",,,,,,,"35.7","44.5"